,series,time_idx,value
0,0,0,0.0
1,0,1,0.030018592378787082
2,0,2,0.0583652967257033
3,0,3,0.0906484953268043
4,0,4,0.11842467939030366
5,0,5,0.16967356398887368
6,0,6,0.18130318292274092
7,0,7,0.19962697708321123
8,0,8,0.2665930919496327
9,0,9,0.31540211763443243
10,0,10,0.35873725933523165
11,0,11,0.30444290599344415
12,0,12,0.3705875092305105
13,0,13,0.4116311533930776
14,0,14,0.43571879715776196
15,0,15,0.42394137928094966
16,0,16,0.4058861875105715
17,0,17,0.5120058756502445
18,0,18,0.47279858556007975
19,0,19,0.5436680780845597
20,0,20,0.4932941301470609
21,0,21,0.48080334226789057
22,0,22,0.5821582685557755
23,0,23,0.5736111318337022
24,0,24,0.6065083442563235
25,0,25,0.6666000334969949
26,0,26,0.6384092134786501
27,0,27,0.6925293564402688
28,0,28,0.6586822250775187
29,0,29,0.7591703566742112
30,0,30,0.7583507916928584
31,0,31,0.6988303482604618
32,0,32,0.7791059913370986
33,0,33,0.7373530755990089
34,0,34,0.7961299591644259
35,0,35,0.7782690998265069
36,0,36,0.6944301484938536
37,0,37,0.803368606095472
38,0,38,0.6124043733840082
39,0,39,0.7227732430820653
40,0,40,0.7150449213183101
41,0,41,0.7965251893052286
42,0,42,0.6187238963305498
43,0,43,0.7853030497850072
44,0,44,0.6598396269522313
45,0,45,0.6289283326466568
46,0,46,0.7914177487209435
47,0,47,0.7038653867340045
48,0,48,0.6654503335653439
49,0,49,0.7218214992919527
50,0,50,0.7900499994396347
51,0,51,0.6669569400319971
52,0,52,0.5563182578359124
53,0,53,0.5564601608186904
54,0,54,0.5562462236962556
55,0,55,0.5399453045460263
56,0,56,0.5197940637548615
57,0,57,0.491317502063168
58,0,58,0.4630798334471027
59,0,59,0.42788706564149587
60,0,60,0.47877331066298445
61,0,61,0.44002189803528596
62,0,62,0.41171278605045447
63,0,63,0.3204261941388818
64,0,64,0.3247140414793289
65,0,65,0.2489158114718598
66,0,66,0.295073352539136
67,0,67,0.2235698244392385
68,0,68,0.23165643546885067
69,0,69,0.21102656501950115
70,0,70,0.15965685143128625
71,0,71,0.13874824767432506
72,0,72,0.0942726787605494
73,0,73,0.0881718938371895
74,0,74,0.04285082116736519
75,0,75,0.008800206269483827
76,0,76,-0.02008228854050538
77,0,77,-0.052814679258211095
78,0,78,-0.07418099524671852
79,0,79,-0.12189123283099
80,0,80,-0.16740042793168608
81,0,81,-0.19226478883399672
82,0,82,-0.1861677489683676
83,0,83,-0.20937830916174924
84,0,84,-0.2671983992270108
85,0,85,-0.3077003051751842
86,0,86,-0.26972804603809086
87,0,87,-0.34371289081449524
88,0,88,-0.3911254998819227
89,0,89,-0.3095297550304691
90,0,90,-0.3807192243929189
91,0,91,-0.4241970494380782
92,0,92,-0.35901588320662786
93,0,93,-0.5218560070263975
94,0,94,-0.4276119779213433
95,0,95,-0.4646980292726779
96,0,96,-0.5020641176511828
97,0,97,-0.5488835891488654
98,0,98,-0.5772340143578911
99,0,99,-0.7701463980544262
100,0,100,-0.6784911257054006
101,0,101,-0.5586058107941775
102,0,102,-0.676792525794655
103,0,103,-0.6833531149680802
104,0,104,-0.6215501417588176
105,0,105,-0.7007195408955837
106,0,106,-0.5982627639798713
107,0,107,-0.6468830908807633
108,0,108,-0.6913909154493733
109,0,109,-0.6517189768346454
110,0,110,-0.681165939431821
111,0,111,-0.7067623053789346
112,0,112,-0.6759241772530349
113,0,113,-0.7681308449264307
114,0,114,-0.689844566330462
115,0,115,-0.7746297736455389
116,0,116,-0.8194513317709856
117,0,117,-0.6409532820885956
118,0,118,-0.8002986711563891
119,0,119,-0.6433348792289961
120,0,120,-0.6906905612088983
121,0,121,-0.5945912059365215
122,0,122,-0.6545123240056198
123,0,123,-0.7148720943846236
124,0,124,-0.6488776003156043
125,0,125,-0.5390812419550773
126,0,126,-0.6834342168013982
127,0,127,-0.5377591793544994
128,0,128,-0.507043241937762
129,0,129,-0.7632988278552192
130,0,130,-0.6062259591634667
131,0,131,-0.5317742614111248
132,0,132,-0.46538145795390296
133,0,133,-0.45947888653893465
134,0,134,-0.403602023207209
135,0,135,-0.3919143426066892
136,0,136,-0.36641340265376104
137,0,137,-0.416008157594612
138,0,138,-0.34718181778986723
139,0,139,-0.27042116433965047
140,0,140,-0.23165008379727858
141,0,141,-0.214489106639686
142,0,142,-0.23236721009858116
143,0,143,-0.18141011049362016
144,0,144,-0.18008025192795457
145,0,145,-0.1430320493512832
146,0,146,-0.092055951969009
147,0,147,-0.06053247502012055
148,0,148,-0.03300315878759334
149,0,149,-0.008299361922421476
150,0,150,0.025977692787473423
151,0,151,0.06021934489507092
152,0,152,0.0903660328818806
153,0,153,0.10267410747060766
154,0,154,0.1284139895703137
155,0,155,0.17959381638580654
156,0,156,0.21366932968044464
157,0,157,0.2984380888478312
158,0,158,0.2642085466146001
159,0,159,0.3099999060889602
160,0,160,0.32868748519108193
161,0,161,0.4338524403566178
162,0,162,0.45236736268711897
163,0,163,0.4736113059207207
164,0,164,0.455394703707691
165,0,165,0.40153001001152167
166,0,166,0.513791794372725
167,0,167,0.438412832484562
168,0,168,0.5133842208904476
169,0,169,0.6076771255911085
170,0,170,0.5801892940846697
171,0,171,0.6044705054626427
172,0,172,0.6566305228600843
173,0,173,0.6034230094671296
174,0,174,0.6377770747261057
175,0,175,0.8303797832268087
176,0,176,0.6608526458479799
177,0,177,0.7218295132198597
178,0,178,0.5893452080064574
179,0,179,0.6535582680915512
180,0,180,0.6841197758644098
181,0,181,0.7265756766283974
182,0,182,0.7821067986647564
183,0,183,0.74757128589459
184,0,184,0.7889547834047724
185,0,185,0.7362183615702061
186,0,186,0.7391661505424244
187,0,187,0.6996404942425948
188,0,188,0.8500522259637548
189,0,189,0.8373263448106459
190,0,190,0.6869424622937536
191,0,191,0.7170797616224939
192,0,192,0.7273933058644158
193,0,193,0.6617205740907767
194,0,194,0.7030172901653511
195,0,195,0.7368710221711791
196,0,196,0.7035411415719702
197,0,197,0.7700157307317534
198,0,198,0.7322212590299483
199,0,199,0.731235859673281
200,0,200,0.6595825429771147
201,0,201,0.6204979715557113
202,0,202,0.6752519532652624
203,0,203,0.5645955175781394
204,0,204,0.5724789756167764
205,0,205,0.573926429099051
206,0,206,0.637437298475511
207,0,207,0.5832214253820631
208,0,208,0.503739899635643
209,0,209,0.4864979461710853
210,0,210,0.5426540796340098
211,0,211,0.4752914995387932
212,0,212,0.4287618773988889
213,0,213,0.30043735158540985
214,0,214,0.422203989310629
215,0,215,0.2854239209281173
216,0,216,0.32968100053792215
217,0,217,0.24935594304917502
218,0,218,0.2202586141027421
219,0,219,0.22336151943033286
220,0,220,0.19085280636539
221,0,221,0.15190327241037446
222,0,222,0.14685438627545636
223,0,223,0.09938652366561826
224,0,224,0.07024892634964089
225,0,225,0.029820630919870306
226,0,226,0.005781675896834284
227,0,227,-0.01911154140975069
228,0,228,-0.05166009943622381
229,0,229,-0.09225413610566971
230,0,230,-0.10845819484260207
231,0,231,-0.136758428172749
232,0,232,-0.16713439730130408
233,0,233,-0.25285548446578504
234,0,234,-0.25213249613952116
235,0,235,-0.25367241236698934
236,0,236,-0.28022246182995436
237,0,237,-0.3580607523446927
238,0,238,-0.2979830681268008
239,0,239,-0.34993531291133645
240,0,240,-0.4046025799314607
241,0,241,-0.4841134844578786
242,0,242,-0.45942103147743135
243,0,243,-0.5225491799978483
244,0,244,-0.5505686651281345
245,0,245,-0.48237103892561106
246,0,246,-0.5582325982054491
247,0,247,-0.5713726199293823
248,0,248,-0.44177576096532295
249,0,249,-0.5264943644033694
250,0,250,-0.5852096172542666
251,0,251,-0.7001059445719202
252,0,252,-0.6705216502793472
253,0,253,-0.6134237047010417
254,0,254,-0.7744672929045484
255,0,255,-0.6769006318737286
256,0,256,-0.6514831296532213
257,0,257,-0.6647240501494399
258,0,258,-0.7419086709409627
259,0,259,-0.6933977643464809
260,0,260,-0.7686855207130574
261,0,261,-0.6549549344047368
262,0,262,-0.6511769177672552
263,0,263,-0.509137161802796
264,0,264,-0.6769607393013911
265,0,265,-0.6094396176321062
266,0,266,-0.6683973027565637
267,0,267,-0.6232624267202486
268,0,268,-0.6410140167892158
269,0,269,-0.6484176829762238
270,0,270,-0.6649073330118178
271,0,271,-0.7165080615014349
272,0,272,-0.6884053389830388
273,0,273,-0.5222924979014276
274,0,274,-0.5957783505012998
275,0,275,-0.6695598287822211
276,0,276,-0.4882147591256901
277,0,277,-0.5236629538020079
278,0,278,-0.5502096044240259
279,0,279,-0.5136018408036024
280,0,280,-0.42923086171316643
281,0,281,-0.4248061228332318
282,0,282,-0.38384877234304726
283,0,283,-0.44578002942382167
284,0,284,-0.3581741075403309
285,0,285,-0.3581390862395268
286,0,286,-0.3500269305252487
287,0,287,-0.3095934425304939
288,0,288,-0.2595034051401015
289,0,289,-0.30795727583469823
290,0,290,-0.2694989757200018
291,0,291,-0.18080473623481327
292,0,292,-0.20743758415643698
293,0,293,-0.16814743552674147
294,0,294,-0.11600164798696677
295,0,295,-0.10483121658040395
296,0,296,-0.06424263221401305
297,0,297,-0.040365882272315724
298,0,298,-0.007794109170809788
299,0,299,0.021011383348805382
300,0,300,0.05362772475893229
301,0,301,0.08650588309804844
302,0,302,0.1114689807976906
303,0,303,0.1709800345405648
304,0,304,0.17965929484533297
305,0,305,0.20916644409766602
306,0,306,0.23719948843811636
307,0,307,0.22904942337111156
308,0,308,0.29615841150568545
309,0,309,0.3033135851254664
310,0,310,0.35224716101887416
311,0,311,0.40370575995364927
312,0,312,0.3323228610105674
313,0,313,0.5099006151038658
314,0,314,0.43953014265006907
315,0,315,0.5119291185053604
316,0,316,0.5098823576071321
317,0,317,0.5639843226829262
318,0,318,0.6429554179577385
319,0,319,0.5847517908837173
320,0,320,0.6250128480833489
321,0,321,0.5741082854838571
322,0,322,0.5996846491324347
323,0,323,0.5196580872018511
324,0,324,0.7127375483635392
325,0,325,0.7207576635311336
326,0,326,0.6578005935449397
327,0,327,0.7137092532891276
328,0,328,0.7545620011680186
329,0,329,0.8018694938351318
330,0,330,0.6567972524150829
331,0,331,0.8733964378340484
332,0,332,0.838858878402335
333,0,333,0.7129603664560707
334,0,334,0.7845242268629645
335,0,335,0.8666124285533925
336,0,336,0.8388686941255615
337,0,337,0.7500116839532709
338,0,338,0.6849500838803929
339,0,339,0.9122388598339706
340,0,340,0.8300594344157877
341,0,341,0.7456418811452624
342,0,342,0.665595316623484
343,0,343,0.8233569721110873
344,0,344,0.878020474127949
345,0,345,0.8641999760298517
346,0,346,0.8100776275353934
347,0,347,0.6867241120824121
348,0,348,0.73901294979953
349,0,349,0.6496693518198924
350,0,350,0.7033806072095105
351,0,351,0.7301055524791579
352,0,352,0.697804194937814
353,0,353,0.6384453586603687
354,0,354,0.69974099410991
355,0,355,0.578401335081213
356,0,356,0.4967185907989831
357,0,357,0.7009136201134402
358,0,358,0.482667878263727
359,0,359,0.5494313714903262
360,0,360,0.4965419177550158
361,0,361,0.41449470768879715
362,0,362,0.41108543103158707
363,0,363,0.45107169117873824
364,0,364,0.37726553436340354
365,0,365,0.4529936039572082
366,0,366,0.3014000775403872
367,0,367,0.29247919675814854
368,0,368,0.26758662372825287
369,0,369,0.27956974540106716
370,0,370,0.25227534060946105
371,0,371,0.17248427860981658
372,0,372,0.18457129895524962
373,0,373,0.13200349833663041
374,0,374,0.1183598745727943
375,0,375,0.0784430985096024
376,0,376,0.04396355956504278
377,0,377,0.010712986486459845
378,0,378,-0.01791102557280926
379,0,379,-0.050551150652781374
380,0,380,-0.0666598145877953
381,0,381,-0.11300106524033038
382,0,382,-0.13434455525196193
383,0,383,-0.1810244608335857
384,0,384,-0.21045912563807034
385,0,385,-0.24721772709844736
386,0,386,-0.28314451330782087
387,0,387,-0.2274568806965374
388,0,388,-0.3040435278076963
389,0,389,-0.3420514747839252
390,0,390,-0.3802355103447604
391,0,391,-0.36946338123880623
392,0,392,-0.42852640088810173
393,0,393,-0.44189081686741166
394,0,394,-0.3700511000313765
395,0,395,-0.5024689894106484
396,0,396,-0.4660274152722225
397,0,397,-0.4711509855611753
398,0,398,-0.45295036130580435
399,0,399,-0.5137245048668392
400,0,400,-0.5705373350671149
401,0,401,-0.5613008588853736
402,0,402,-0.5737265246217974
403,0,403,-0.5467579969509442
404,0,404,-0.5324512572518723
405,0,405,-0.6853625396529625
406,0,406,-0.5203428620036298
407,0,407,-0.6156135017137685
408,0,408,-0.7927309042064516
409,0,409,-0.7233813210796897
410,0,410,-0.7167891041964702
411,0,411,-0.6687904549318119
412,0,412,-0.6248110129790821
413,0,413,-0.6833904449684884
414,0,414,-0.7099601850554089
415,0,415,-0.7672675789040889
416,0,416,-0.5050222234449009
417,0,417,-0.623223017126333
418,0,418,-0.6876282626063148
419,0,419,-0.6265633171430991
420,0,420,-0.681641795726704
421,0,421,-0.5977353959714331
422,0,422,-0.7340227996181954
423,0,423,-0.6159965747174676
424,0,424,-0.5310474244044262
425,0,425,-0.4779490673960414
426,0,426,-0.4872363020562603
427,0,427,-0.5594753782732517
428,0,428,-0.5480311605571407
429,0,429,-0.5121551572037015
430,0,430,-0.46922533791332577
431,0,431,-0.4597706919388168
432,0,432,-0.36682316956999883
433,0,433,-0.40403415003777954
434,0,434,-0.39965757498665105
435,0,435,-0.3585555334519757
436,0,436,-0.3593083408157052
437,0,437,-0.3071342680482842
438,0,438,-0.2382021631260491
439,0,439,-0.2399049489315255
440,0,440,-0.21076616106883622
441,0,441,-0.1686557386107924
442,0,442,-0.15292532523444893
443,0,443,-0.11247281447407703
444,0,444,-0.09062640829254101
445,0,445,-0.05257166673817274
446,0,446,-0.02781802425895829
447,0,447,0.0007611908739002903
448,0,448,0.030301651368238834
449,0,449,0.056452890485289044
450,0,450,0.09705373876359075
451,0,451,0.12568593522040375
452,0,452,0.1799332683268854
453,0,453,0.19592635100715283
454,0,454,0.19428843599179232
455,0,455,0.2481770289302257
456,0,456,0.24740440418829887
457,0,457,0.28038412983156064
458,0,458,0.34693631120635143
459,0,459,0.3587786157010303
460,0,460,0.44776274324826487
461,0,461,0.33134114758905103
462,0,462,0.44573655359142045
463,0,463,0.5100744892422866
464,0,464,0.6162933936377213
465,0,465,0.4891750838661471
466,0,466,0.5555543534673076
467,0,467,0.6248609641366427
468,0,468,0.5302386154760187
469,0,469,0.6418126385000893
470,0,470,0.6987908515694264
471,0,471,0.693248539273384
472,0,472,0.648808765555424
473,0,473,0.5730360539786509
474,0,474,0.5683124638867804
475,0,475,0.8074895851003635
476,0,476,0.7082934171778773
477,0,477,0.7093538088548177
478,0,478,0.7420509227045357
479,0,479,0.8554675096370641
480,0,480,0.9138072360072219
481,0,481,0.7126188092928856
482,0,482,0.6488194393374341
483,0,483,0.8484361995365263
484,0,484,0.9593621528321161
485,0,485,0.7955737875332755
486,0,486,0.6294679128818348
487,0,487,0.711599541643602
488,0,488,0.7482602607147439
489,0,489,0.9589639298979702
490,0,490,0.8856135838162492
491,0,491,0.8961481789859874
492,0,492,0.8307373889372309
493,0,493,0.7851003444206287
494,0,494,0.814619240016467
495,0,495,0.7583035700452407
496,0,496,0.831687505957041
497,0,497,0.7937072304462678
498,0,498,0.7067265774770725
499,0,499,0.7500759493364443
500,0,500,0.8060256159683673
501,0,501,0.6154441781750287
502,0,502,0.6508059193554668
503,0,503,0.7181713794735326
504,0,504,0.681523796728247
505,0,505,0.708803014413827
506,0,506,0.6204777264381437
507,0,507,0.5471372382497086
508,0,508,0.6341658697102766
509,0,509,0.5462666863241202
510,0,510,0.4856368809237466
511,0,511,0.5095905609101141
512,0,512,0.4378167661694369
513,0,513,0.457533624747906
514,0,514,0.50706323605967
515,0,515,0.467794846159319
516,0,516,0.3791110958349288
517,0,517,0.33558625522078744
518,0,518,0.323876988485552
519,0,519,0.2752407301563824
520,0,520,0.28559588765975413
521,0,521,0.25870235893424604
522,0,522,0.2180294916385669
523,0,523,0.21587300501092643
524,0,524,0.15474809611606039
525,0,525,0.13567278410231234
526,0,526,0.07983620009013558
527,0,527,0.055836848977180165
528,0,528,0.024960594455937023
529,0,529,-0.004484549540810745
530,0,530,-0.03237312136019889
531,0,531,-0.07245485728528593
532,0,532,-0.08393866161046014
533,0,533,-0.1176304878481394
534,0,534,-0.14494105580091457
535,0,535,-0.18764062793285657
536,0,536,-0.17313838627646305
537,0,537,-0.2264471149018869
538,0,538,-0.28668581165726464
539,0,539,-0.28243925186214475
540,0,540,-0.3333474368770044
541,0,541,-0.31398339510526363
542,0,542,-0.31971466351199784
543,0,543,-0.3699352431254963
544,0,544,-0.4217700940688511
545,0,545,-0.4290499903774357
546,0,546,-0.44740120914752574
547,0,547,-0.46675636777257046
548,0,548,-0.5419777762220139
549,0,549,-0.5961725900004247
550,0,550,-0.4713964107621963
551,0,551,-0.4926028981025636
552,0,552,-0.5577788346186282
553,0,553,-0.5693989318283061
554,0,554,-0.6526763477856402
555,0,555,-0.4613763427854174
556,0,556,-0.5999562923446572
557,0,557,-0.525790804798903
558,0,558,-0.5714550870777375
559,0,559,-0.5020872137527571
560,0,560,-0.47442892074362536
561,0,561,-0.6393655989984424
562,0,562,-0.6799764715451535
563,0,563,-0.5738511770919104
564,0,564,-0.4832029351997354
565,0,565,-0.5524753316335388
566,0,566,-0.6231227488808636
567,0,567,-0.5062554992867379
568,0,568,-0.49491377503945577
569,0,569,-0.6583387076284856
570,0,570,-0.5991322708562878
571,0,571,-0.557631398332102
572,0,572,-0.5242078803325307
573,0,573,-0.5698985354732825
574,0,574,-0.5633377243314309
575,0,575,-0.5490577777568362
576,0,576,-0.5048706336577198
577,0,577,-0.5235484036442707
578,0,578,-0.43492848223249375
579,0,579,-0.4071283432049409
580,0,580,-0.3991685775911609
581,0,581,-0.39758564084401854
582,0,582,-0.35362172332869457
583,0,583,-0.3296745402030686
584,0,584,-0.347504882195296
585,0,585,-0.253985531169834
586,0,586,-0.31520241890869466
587,0,587,-0.2549682177244234
588,0,588,-0.2281007056287985
589,0,589,-0.2158462098613742
590,0,590,-0.17119639527262354
591,0,591,-0.13931345894538497
592,0,592,-0.0875313037491435
593,0,593,-0.06265704162774045
594,0,594,-0.04186151584132515
595,0,595,-0.01499451363535686
596,0,596,0.018445789575011348
597,0,597,0.04094580001006134
598,0,598,0.07524586716283838
599,0,599,0.10538128247114271
600,0,600,0.14721812812141435
601,0,601,0.1926872538979621
602,0,602,0.19425707151962396
603,0,603,0.22292293569397925
604,0,604,0.2428082821248041
605,0,605,0.30377799292443397
606,0,606,0.31714459949853846
607,0,607,0.35751428428386367
608,0,608,0.3684286317974314
609,0,609,0.3770025027332849
610,0,610,0.5131036820804041
611,0,611,0.510731450036637
612,0,612,0.4135582061111759
613,0,613,0.4450896539092194
614,0,614,0.5665586606605446
615,0,615,0.6513971803281441
616,0,616,0.659022683991428
617,0,617,0.7568606663850477
618,0,618,0.7596076748218645
619,0,619,0.7044355321207132
620,0,620,0.6797574157348595
621,0,621,0.6829379884427266
622,0,622,0.7900861570335046
623,0,623,0.715516759890405
624,0,624,0.7494744384304157
625,0,625,0.675432895240245
626,0,626,0.8112859149711645
627,0,627,0.853461438127412
628,0,628,0.687695244195461
629,0,629,0.8886520295639977
630,0,630,0.8235220068590486
631,0,631,0.8375372823073819
632,0,632,0.9099985982681504
633,0,633,0.9735187718615155
634,0,634,0.9432387350457974
635,0,635,0.8946272904332639
636,0,636,0.9903579011227392
637,0,637,1.0248747590698504
638,0,638,0.9601771221705222
639,0,639,0.6811931662369981
640,0,640,0.7846294432049951
641,0,641,0.7224955968861799
642,0,642,0.8099798456263922
643,0,643,0.9412745376117889
644,0,644,0.8548480128444177
645,0,645,1.0119020368016394
646,0,646,0.8726242610586303
647,0,647,0.8417434295437309
648,0,648,0.8790074314793682
649,0,649,0.911848885450953
650,0,650,0.801326068535618
651,0,651,0.7489421374669081
652,0,652,0.6546344373112097
653,0,653,0.7421885124365045
654,0,654,0.6930705514227049
655,0,655,0.6767484948402075
656,0,656,0.6978758116830115
657,0,657,0.6947721662629835
658,0,658,0.646784415404678
659,0,659,0.588823986855834
660,0,660,0.5877536764885545
661,0,661,0.5111422403146773
662,0,662,0.43778418884178955
663,0,663,0.45633534996654235
664,0,664,0.4403991492735876
665,0,665,0.5004850293026258
666,0,666,0.35378920639409295
667,0,667,0.3574827635875369
668,0,668,0.33644846906277537
669,0,669,0.33375524291756636
670,0,670,0.351652684596516
671,0,671,0.3132611397824112
672,0,672,0.2587692430322738
673,0,673,0.2522118689056398
674,0,674,0.1740316883790872
675,0,675,0.1526054725807494
676,0,676,0.16097675441620846
677,0,677,0.10142355821622082
678,0,678,0.07954516136802639
679,0,679,0.04969735801848059
680,0,680,0.016318725812825445
681,0,681,-0.013875146110435521
682,0,682,-0.037222214955668846
683,0,683,-0.07528634721951229
684,0,684,-0.10286924705585676
685,0,685,-0.12013544090975181
686,0,686,-0.14418861897456445
687,0,687,-0.184460441118654
688,0,688,-0.2002542019924749
689,0,689,-0.24824104981094483
690,0,690,-0.27224674850508157
691,0,691,-0.2966513406556035
692,0,692,-0.2761800992339075
693,0,693,-0.33626354184108703
694,0,694,-0.30455224392012126
695,0,695,-0.46736781290574897
696,0,696,-0.38116325051713323
697,0,697,-0.40931439049619206
698,0,698,-0.46632555203042736
699,0,699,-0.3948717098822924
700,0,700,-0.45833296760849107
701,0,701,-0.5617558020240718
702,0,702,-0.5496732863999624
703,0,703,-0.5125919333781189
704,0,704,-0.5093556287323722
705,0,705,-0.474546894786618
706,0,706,-0.6358610661766386
707,0,707,-0.5155737481176608
708,0,708,-0.5866283413861492
709,0,709,-0.497259396535301
710,0,710,-0.46591466758406164
711,0,711,-0.6219384753448072
712,0,712,-0.5264314741973272
713,0,713,-0.5270078994928545
714,0,714,-0.6408910605113881
715,0,715,-0.5610267033741761
716,0,716,-0.4886776036963782
717,0,717,-0.5235074963409149
718,0,718,-0.5445697543812644
719,0,719,-0.49862950584364996
720,0,720,-0.47721638353974977
721,0,721,-0.524231397054798
722,0,722,-0.5261289952136372
723,0,723,-0.5177595581726824
724,0,724,-0.528100233366236
725,0,725,-0.4258233744594954
726,0,726,-0.3938540639719368
727,0,727,-0.44220047820891517
728,0,728,-0.3659283639366242
729,0,729,-0.34069123414986563
730,0,730,-0.34958808406262226
731,0,731,-0.34175152953037574
732,0,732,-0.3093772446383715
733,0,733,-0.2815678539799226
734,0,734,-0.3040961053744944
735,0,735,-0.2958017504309091
736,0,736,-0.2380253527881867
737,0,737,-0.18850638331247194
738,0,738,-0.17033685804544824
739,0,739,-0.13905628833839886
740,0,740,-0.1019620111031831
741,0,741,-0.09562013987546618
742,0,742,-0.05043495130100997
743,0,743,-0.015758786731290865
744,0,744,0.013630507157463449
745,0,745,0.0457832899210531
746,0,746,0.06951536027871699
747,0,747,0.11058626874285715
748,0,748,0.1380040776548226
749,0,749,0.18923279668830212
750,0,750,0.1941206096498341
751,0,751,0.21763255172489002
752,0,752,0.2843032206977206
753,0,753,0.2981602805719875
754,0,754,0.34009252058122547
755,0,755,0.33451754788898613
756,0,756,0.3216142928833248
757,0,757,0.391951806350165
758,0,758,0.3935156379633326
759,0,759,0.433069432356493
760,0,760,0.49057870821800015
761,0,761,0.4618534943632783
762,0,762,0.5592216495515576
763,0,763,0.5057916921945649
764,0,764,0.6328889165517583
765,0,765,0.5639417099684532
766,0,766,0.6490792384437807
767,0,767,0.7648226089905802
768,0,768,0.7426510627987603
769,0,769,0.67365675418297
770,0,770,0.7720132386276739
771,0,771,0.7626724191701424
772,0,772,0.7410599571897432
773,0,773,0.7870361834907876
774,0,774,0.7908957917188967
775,0,775,0.859470795063413
776,0,776,0.8817719939691011
777,0,777,1.0616083210468803
778,0,778,1.1246385140210795
779,0,779,0.8183614524780519
780,0,780,0.9286560657710666
781,0,781,0.8882270427166412
782,0,782,1.0518971779567994
783,0,783,0.8860213610168961
784,0,784,0.8574742692922082
785,0,785,1.0288944512777338
786,0,786,0.766712561162059
787,0,787,0.9470801846749681
788,0,788,1.0176617454705599
789,0,789,0.9178665877043255
790,0,790,0.9389788829132106
791,0,791,0.9967752783205467
792,0,792,1.0448981261870156
793,0,793,0.8636221939463462
794,0,794,1.084005327334197
795,0,795,0.8778130855174937
796,0,796,0.8777722598833976
797,0,797,0.9593066450341708
798,0,798,1.0498815765636733
799,0,799,0.8014573742357404
800,0,800,0.861009681921372
801,0,801,0.6698811382440162
802,0,802,0.8565771525250591
803,0,803,0.7021806546445207
804,0,804,0.7760817963609628
805,0,805,0.8735699634659546
806,0,806,0.6976475447040168
807,0,807,0.7086331163117796
808,0,808,0.6961380261511673
809,0,809,0.7510240867348131
810,0,810,0.5986807929670118
811,0,811,0.6231533642284225
812,0,812,0.5985851274865224
813,0,813,0.652468189166694
814,0,814,0.5060688758024093
815,0,815,0.5689693910216774
816,0,816,0.460409906399991
817,0,817,0.4252386017776039
818,0,818,0.4119278351137165
819,0,819,0.37391437961780294
820,0,820,0.36172418211991103
821,0,821,0.3096916393525183
822,0,822,0.29858434843062326
823,0,823,0.29800777501380077
824,0,824,0.23511422772394178
825,0,825,0.2102277970856208
826,0,826,0.1559838945188777
827,0,827,0.18512070025626234
828,0,828,0.13305458233021616
829,0,829,0.10983793786771484
830,0,830,0.07960270862463581
831,0,831,0.04372383610823401
832,0,832,0.020415623802547793
833,0,833,-0.011389729408941281
834,0,834,-0.031799269115228505
835,0,835,-0.08034741802394191
836,0,836,-0.11037851235035205
837,0,837,-0.11948162612097697
838,0,838,-0.1692584088001708
839,0,839,-0.19377961607178243
840,0,840,-0.18534475854965982
841,0,841,-0.22093612178612432
842,0,842,-0.21118403382926457
843,0,843,-0.2882970275732461
844,0,844,-0.27092095404473465
845,0,845,-0.34758281332682395
846,0,846,-0.3167351121947035
847,0,847,-0.3048995732309179
848,0,848,-0.4791115842129969
849,0,849,-0.38902025636776394
850,0,850,-0.3533165199450356
851,0,851,-0.41104447626118873
852,0,852,-0.45397130685443593
853,0,853,-0.4840944214504617
854,0,854,-0.47752527283361984
855,0,855,-0.5058516982868868
856,0,856,-0.40405127164220966
857,0,857,-0.4416647050828248
858,0,858,-0.4828082763929572
859,0,859,-0.4309117383748061
860,0,860,-0.44442389410616756
861,0,861,-0.5531309232911817
862,0,862,-0.4848179615777417
863,0,863,-0.5559011988186203
864,0,864,-0.5777724759577169
865,0,865,-0.4920048091133466
866,0,866,-0.42755771105706675
867,0,867,-0.3996178066366768
868,0,868,-0.5498578858330132
869,0,869,-0.4402886120530053
870,0,870,-0.45347528379776353
871,0,871,-0.44470577642688686
872,0,872,-0.4287814914165035
873,0,873,-0.3992224945000395
874,0,874,-0.389373641976031
875,0,875,-0.35675575363319784
876,0,876,-0.3798581954418809
877,0,877,-0.3503279807676984
878,0,878,-0.35273192241327783
879,0,879,-0.3616388782303763
880,0,880,-0.2739797295082083
881,0,881,-0.2707016701030172
882,0,882,-0.26589848559608303
883,0,883,-0.24758076094292852
884,0,884,-0.2309865141308703
885,0,885,-0.18521830893252475
886,0,886,-0.1735452977536809
887,0,887,-0.12052152957329136
888,0,888,-0.09552312788257569
889,0,889,-0.06043516533368263
890,0,890,-0.04072573850614783
891,0,891,-0.013239402794595699
892,0,892,0.01608409481440522
893,0,893,0.045084506196319235
894,0,894,0.0548574638306719
895,0,895,0.10052265252758771
896,0,896,0.1578798944191821
897,0,897,0.1610959439333313
898,0,898,0.1869786886842286
899,0,899,0.2170339399650611
900,0,900,0.28225778447534267
901,0,901,0.2911771888757356
902,0,902,0.271156152580993
903,0,903,0.3897007643604693
904,0,904,0.4510956795934324
905,0,905,0.4164346077807802
906,0,906,0.4688392747470477
907,0,907,0.4642095983953835
908,0,908,0.5361507020163109
909,0,909,0.5310274989607008
910,0,910,0.5998812588067262
911,0,911,0.6326780532167696
912,0,912,0.6196088423224495
913,0,913,0.641385467766096
914,0,914,0.7111340586605741
915,0,915,0.6480179240437696
916,0,916,0.5464107498840403
917,0,917,0.7878419575285288
918,0,918,0.7589655739158316
919,0,919,0.7006288355924074
920,0,920,0.8281506276933265
921,0,921,0.981980677104209
922,0,922,0.855804877296725
923,0,923,0.7385406418396262
924,0,924,0.7832864849468842
925,0,925,0.9994345648332232
926,0,926,0.9325569510749069
927,0,927,0.9197909023997952
928,0,928,0.9244314250767904
929,0,929,0.9038890982348147
930,0,930,0.8580499518565466
931,0,931,1.0578821783880203
932,0,932,1.054635887055107
933,0,933,1.1623800976899676
934,0,934,0.7807730910084999
935,0,935,1.0339379492158454
936,0,936,0.8627046169638439
937,0,937,0.9616923242260274
938,0,938,1.0306626782695956
939,0,939,0.9366101562183811
940,0,940,1.00683384622243
941,0,941,0.9043897776486751
942,0,942,0.9921718465005149
943,0,943,1.1531456200304095
944,0,944,1.0329910442355368
945,0,945,0.9090141969856351
946,0,946,1.039490814669337
947,0,947,1.1319696639437151
948,0,948,0.9362271731801086
949,0,949,0.7960165404176259
950,0,950,0.9137413095397656
951,0,951,0.8786487363354575
952,0,952,0.7937041577424252
953,0,953,0.866391285445228
954,0,954,0.6855774643317899
955,0,955,0.9296900300771292
956,0,956,0.8090628026435696
957,0,957,0.8010874109313738
958,0,958,0.6863645042496589
959,0,959,0.8173098623319783
960,0,960,0.9176273035150845
961,0,961,0.593658741709122
962,0,962,0.6974765638981896
963,0,963,0.6463029025954399
964,0,964,0.6314786830888957
965,0,965,0.49401898903203384
966,0,966,0.589846096978327
967,0,967,0.5187814350143126
968,0,968,0.4549128136208423
969,0,969,0.4649302097865613
970,0,970,0.42355463373199814
971,0,971,0.38117086779304027
972,0,972,0.37591389271223696
973,0,973,0.3386811490419767
974,0,974,0.34553937389845074
975,0,975,0.3617899927604639
976,0,976,0.2583543702632289
977,0,977,0.24566310974206562
978,0,978,0.21784794908845073
979,0,979,0.17746033298554298
980,0,980,0.15348554039510245
981,0,981,0.13284493407990797
982,0,982,0.08508021400856737
983,0,983,0.05767183856552082
984,0,984,0.025898610484421675
985,0,985,0.003095274351759235
986,0,986,-0.022486955308362682
987,0,987,-0.05405320430046711
988,0,988,-0.06556722926502204
989,0,989,-0.11948463082751665
990,0,990,-0.12499860219281368
991,0,991,-0.1648011116482022
992,0,992,-0.19568610536871398
993,0,993,-0.20345918289135875
994,0,994,-0.22086774233380313
995,0,995,-0.27661182405571805
996,0,996,-0.28156669300845333
997,0,997,-0.23059523774960988
998,0,998,-0.3313107884323399
999,0,999,-0.282830538184293
1000,0,1000,-0.3471043566643508
1001,0,1001,-0.3723129925956072
1002,0,1002,-0.36628469538376757
1003,0,1003,-0.41036628844286205
1004,0,1004,-0.3464881642310309
1005,0,1005,-0.35284756443205734
1006,0,1006,-0.34385151942672065
1007,0,1007,-0.4079127907572902
1008,0,1008,-0.3690701437278875
1009,0,1009,-0.4751372549346919
1010,0,1010,-0.4119531608514474
1011,0,1011,-0.36185297209879697
1012,0,1012,-0.4079568704336246
1013,0,1013,-0.5091791919051967
1014,0,1014,-0.3312057210185063
1015,0,1015,-0.4291421243244988
1016,0,1016,-0.42860824719424734
1017,0,1017,-0.4296426606006843
1018,0,1018,-0.4279133048135597
1019,0,1019,-0.38547033938065245
1020,0,1020,-0.3645027636508676
1021,0,1021,-0.4048895007284143
1022,0,1022,-0.4074088663463072
1023,0,1023,-0.3407811048783993
1024,0,1024,-0.3335480638351009
1025,0,1025,-0.2828272970958482
1026,0,1026,-0.3152153590950111
1027,0,1027,-0.3208372653814504
1028,0,1028,-0.24774362879769357
1029,0,1029,-0.2471098974271381
1030,0,1030,-0.20857703287225435
1031,0,1031,-0.2138025195743954
1032,0,1032,-0.17189248509276436
1033,0,1033,-0.1773930611296814
1034,0,1034,-0.15759460165080583
1035,0,1035,-0.09673861364268577
1036,0,1036,-0.0687480671453672
1037,0,1037,-0.055736857048480484
1038,0,1038,-0.026731321568291933
1039,0,1039,0.001939114616683355
1040,0,1040,0.0332317133691356
1041,0,1041,0.046383796949716664
1042,0,1042,0.09849149889517028
1043,0,1043,0.1354824892582635
1044,0,1044,0.1427001634064287
1045,0,1045,0.1896176958458458
1046,0,1046,0.22112555653042035
1047,0,1047,0.28935959582043796
1048,0,1048,0.28573879964565485
1049,0,1049,0.3322283303532348
1050,0,1050,0.3828796781297629
1051,0,1051,0.396140223616476
1052,0,1052,0.37659913107936044
1053,0,1053,0.44558329814111747
1054,0,1054,0.5718551573024381
1055,0,1055,0.5306820836882269
1056,0,1056,0.5993184653598319
1057,0,1057,0.5747011707391846
1058,0,1058,0.6455233173130662
1059,0,1059,0.5678374628027878
1060,0,1060,0.6057000809569685
1061,0,1061,0.7022296476643156
1062,0,1062,0.7371793422895758
1063,0,1063,0.6507750528356868
1064,0,1064,0.716647469969213
1065,0,1065,0.9375566418378679
1066,0,1066,0.732425066278311
1067,0,1067,0.7540664879065777
1068,0,1068,0.9218232303565689
1069,0,1069,0.8685122619086724
1070,0,1070,0.879472439738265
1071,0,1071,0.9566103658003946
1072,0,1072,0.9327366809149837
1073,0,1073,0.8627755050090423
1074,0,1074,0.9442955561881362
1075,0,1075,1.2581874813684628
1076,0,1076,1.0639197403993361
1077,0,1077,0.9147036642807517
1078,0,1078,0.8382667569583686
1079,0,1079,1.051751476844392
1080,0,1080,1.097313334379248
1081,0,1081,1.1013633564998662
1082,0,1082,1.073460340484319
1083,0,1083,1.1002701701108448
1084,0,1084,1.1787958117776518
1085,0,1085,1.0864240164380143
1086,0,1086,1.0590017062732042
1087,0,1087,1.085404767970178
1088,0,1088,1.0494981699193062
1089,0,1089,1.3105858331434246
1090,0,1090,1.0967077322868377
1091,0,1091,0.887482286602681
1092,0,1092,1.2155613206283074
1093,0,1093,1.3151730922875073
1094,0,1094,1.1542687004017582
1095,0,1095,0.9600591496196856
1096,0,1096,0.9650142074950339
1097,0,1097,0.9295403198307216
1098,0,1098,0.9957629001627853
1099,0,1099,0.973944516292627
1100,0,1100,0.8963059406763247
1101,0,1101,1.1258704302137552
1102,0,1102,0.938494762333054
1103,0,1103,1.0272810380313753
1104,0,1104,0.8571990886302783
1105,0,1105,0.8751857382340203
1106,0,1106,0.9250487842862262
1107,0,1107,0.8579923808637935
1108,0,1108,0.8760513711863789
1109,0,1109,0.7318717081533204
1110,0,1110,0.7776770100543529
1111,0,1111,0.8795533990488301
1112,0,1112,0.7181203384206305
1113,0,1113,0.5735894870585119
1114,0,1114,0.6750257849133038
1115,0,1115,0.6521272815831188
1116,0,1116,0.6566301598871688
1117,0,1117,0.6086297400806981
1118,0,1118,0.5714365900063334
1119,0,1119,0.5610875592153836
1120,0,1120,0.4861134206320376
1121,0,1121,0.48426637648027326
1122,0,1122,0.458698171436179
1123,0,1123,0.4105527637748703
1124,0,1124,0.38433622203211
1125,0,1125,0.37329363667979854
1126,0,1126,0.4036798378193156
1127,0,1127,0.3313252329043588
1128,0,1128,0.29079274476220995
1129,0,1129,0.2511362051155416
1130,0,1130,0.19425010681522623
1131,0,1131,0.20466972726328986
1132,0,1132,0.17042621570661073
1133,0,1133,0.1367458964419604
1134,0,1134,0.10919549521977755
1135,0,1135,0.08632303937463552
1136,0,1136,0.04960157000679536
1137,0,1137,0.02536112510353901
1138,0,1138,0.00020533900631382383
1139,0,1139,-0.028434656473643512
1140,0,1140,-0.05755710575717084
1141,0,1141,-0.0829181124950882
1142,0,1142,-0.09523298355225575
1143,0,1143,-0.12072652462379503
1144,0,1144,-0.14886701346575332
1145,0,1145,-0.1720037290443599
1146,0,1146,-0.17557045568709573
1147,0,1147,-0.1982563120113663
1148,0,1148,-0.25358996900660913
1149,0,1149,-0.24769199703194375
1150,0,1150,-0.2638703415627056
1151,0,1151,-0.2471401656801655
1152,0,1152,-0.3071547805266092
1153,0,1153,-0.2455526125622448
1154,0,1154,-0.33682298357317464
1155,0,1155,-0.27235596255363964
1156,0,1156,-0.3522494400406932
1157,0,1157,-0.36993016592354233
1158,0,1158,-0.30238584038725747
1159,0,1159,-0.40005514288320054
1160,0,1160,-0.29074930012806066
1161,0,1161,-0.28661773672519053
1162,0,1162,-0.3706271515771525
1163,0,1163,-0.3445082643391925
1164,0,1164,-0.3594312439721257
1165,0,1165,-0.32929035596738265
1166,0,1166,-0.30110850963285185
1167,0,1167,-0.2984113619879646
1168,0,1168,-0.3243680415523805
1169,0,1169,-0.32994382268983835
1170,0,1170,-0.30307308034157177
1171,0,1171,-0.31560105832464447
1172,0,1172,-0.2605139298339556
1173,0,1173,-0.22360082828844355
1174,0,1174,-0.28569064930503135
1175,0,1175,-0.26258459704184944
1176,0,1176,-0.2435811506829667
1177,0,1177,-0.21256021311624826
1178,0,1178,-0.17993621527216652
1179,0,1179,-0.15175997507088893
1180,0,1180,-0.15425208655436579
1181,0,1181,-0.12578515661823017
1182,0,1182,-0.09342606866705731
1183,0,1183,-0.06311198542829802
1184,0,1184,-0.059120832863579144
1185,0,1185,-0.02238883613159531
1186,0,1186,0.0007102829069377852
1187,0,1187,0.03149504982168438
1188,0,1188,0.05325271454151782
1189,0,1189,0.0800865999454568
1190,0,1190,0.11150617455518544
1191,0,1191,0.1611502549843131
1192,0,1192,0.13583754025441738
1193,0,1193,0.1703367048698284
1194,0,1194,0.19862860120669457
1195,0,1195,0.22465720072540168
1196,0,1196,0.30546724871232805
1197,0,1197,0.30569996947008976
1198,0,1198,0.3254924644092982
1199,0,1199,0.3319920590530581
1200,0,1200,0.4282541806273903
1201,0,1201,0.40686186057630963
1202,0,1202,0.5319551872868598
1203,0,1203,0.4970559901514187
1204,0,1204,0.516119518145967
1205,0,1205,0.5657601696652144
1206,0,1206,0.5668901039927506
1207,0,1207,0.7040759219528728
1208,0,1208,0.664294801551184
1209,0,1209,0.677741616450489
1210,0,1210,0.596917658810493
1211,0,1211,0.6675624368246958
1212,0,1212,0.7889589229592303
1213,0,1213,0.8097091501502197
1214,0,1214,0.8132138374074903
1215,0,1215,0.6666236552340484
1216,0,1216,0.9373637045157968
1217,0,1217,0.8647683774585158
1218,0,1218,0.9284700997892115
1219,0,1219,0.9575919875308685
1220,0,1220,0.9922984172870677
1221,0,1221,1.0641560276461244
1222,0,1222,0.9279499210373122
1223,0,1223,0.9596366609943253
1224,0,1224,1.1014381483333464
1225,0,1225,1.2005889176218305
1226,0,1226,1.0012612430479353
1227,0,1227,0.9918135885968961
1228,0,1228,1.2665249043434232
1229,0,1229,1.3088953550674436
1230,0,1230,1.0382382345769585
1231,0,1231,1.273248041381335
1232,0,1232,1.2212200312528845
1233,0,1233,1.2018117146945198
1234,0,1234,1.0891659804299196
1235,0,1235,1.3646825331619548
1236,0,1236,1.1463641856346891
1237,0,1237,1.1526102353211691
1238,0,1238,1.3313928094371177
1239,0,1239,1.2358445913932063
1240,0,1240,1.1737438383974619
1241,0,1241,1.0722249589336765
1242,0,1242,1.3270241024218128
1243,0,1243,1.069330830625143
1244,0,1244,1.0017668217592222
1245,0,1245,1.2390224577106044
1246,0,1246,1.2666741931494756
1247,0,1247,1.1380729011604045
1248,0,1248,1.0404249696733032
1249,0,1249,1.1106940193320842
1250,0,1250,1.2021185708246125
1251,0,1251,1.003613193126254
1252,0,1252,1.0437316169542223
1253,0,1253,1.135438200953916
1254,0,1254,1.0528524849329577
1255,0,1255,0.83592928222875
1256,0,1256,1.0426637080550796
1257,0,1257,1.0410830647771134
1258,0,1258,1.068775229698428
1259,0,1259,0.9512365993189486
1260,0,1260,0.7828977671608727
1261,0,1261,0.8585450951131867
1262,0,1262,0.9134688465483893
1263,0,1263,0.7376564939899173
1264,0,1264,0.9518174759064661
1265,0,1265,0.7858689154935676
1266,0,1266,0.7259801719618303
1267,0,1267,0.7698405479383236
1268,0,1268,0.6909589540618643
1269,0,1269,0.6512224424733808
1270,0,1270,0.6927249943029834
1271,0,1271,0.6524933904559251
1272,0,1272,0.5452397104599043
1273,0,1273,0.532553711163198
1274,0,1274,0.4145533054381132
1275,0,1275,0.4336333139285153
1276,0,1276,0.4436085854212539
1277,0,1277,0.32757272309138813
1278,0,1278,0.45049645409253763
1279,0,1279,0.35434764803417274
1280,0,1280,0.3362511503299476
1281,0,1281,0.32502198863698767
1282,0,1282,0.2889753928609282
1283,0,1283,0.21046569488237132
1284,0,1284,0.16286167235105872
1285,0,1285,0.17886197387821695
1286,0,1286,0.1155606543595546
1287,0,1287,0.10709499972745933
1288,0,1288,0.09044415255199088
1289,0,1289,0.06367421357662295
1290,0,1290,0.03793990946859338
1291,0,1291,0.012688563325342564
1292,0,1292,-0.013382280541437986
1293,0,1293,-0.03373620772043122
1294,0,1294,-0.05826271339763066
1295,0,1295,-0.08694782225144314
1296,0,1296,-0.10520646739659521
1297,0,1297,-0.10411450367211883
1298,0,1298,-0.14687719056977225
1299,0,1299,-0.14839120382811966
1300,0,1300,-0.13641204171843566
1301,0,1301,-0.15790072746431097
1302,0,1302,-0.19841106860738977
1303,0,1303,-0.21224202672959977
1304,0,1304,-0.17575079707583266
1305,0,1305,-0.2558139838636107
1306,0,1306,-0.2257975783028476
1307,0,1307,-0.23138346030716883
1308,0,1308,-0.18759049632920194
1309,0,1309,-0.2358629515575109
1310,0,1310,-0.22911565738583203
1311,0,1311,-0.21923232088435665
1312,0,1312,-0.24182770124823882
1313,0,1313,-0.2423554900236955
1314,0,1314,-0.27486719165498447
1315,0,1315,-0.2640055778161843
1316,0,1316,-0.23461760254099323
1317,0,1317,-0.27659054191590465
1318,0,1318,-0.25193016732693363
1319,0,1319,-0.2338664107484712
1320,0,1320,-0.22440415353255214
1321,0,1321,-0.2405825428321478
1322,0,1322,-0.2038250673089938
1323,0,1323,-0.15249038477332252
1324,0,1324,-0.15547829834788393
1325,0,1325,-0.13540240019126348
1326,0,1326,-0.13913197869771496
1327,0,1327,-0.1068706528841388
1328,0,1328,-0.09357665301200865
1329,0,1329,-0.07243460257038477
1330,0,1330,-0.052106073180763095
1331,0,1331,-0.03211116852984833
1332,0,1332,-0.009071488763504923
1333,0,1333,0.012913628429411468
1334,0,1334,0.03905396771965588
1335,0,1335,0.06525772350759146
1336,0,1336,0.08000529774398078
1337,0,1337,0.09841550083184322
1338,0,1338,0.12737008943257114
1339,0,1339,0.17153584051364884
1340,0,1340,0.1932757963797943
1341,0,1341,0.21951488329002425
1342,0,1342,0.2298703705862032
1343,0,1343,0.31036149206985064
1344,0,1344,0.33011254391850753
1345,0,1345,0.3176207132710005
1346,0,1346,0.37123521392019526
1347,0,1347,0.4136191845849447
1348,0,1348,0.45899952692161994
1349,0,1349,0.41885925988187594
1350,0,1350,0.47613548726458027
1351,0,1351,0.47267172321467915
1352,0,1352,0.5924099076888855
1353,0,1353,0.6656744417182973
1354,0,1354,0.7284408096995395
1355,0,1355,0.6290193295772079
1356,0,1356,0.726236206601738
1357,0,1357,0.6217482521861808
1358,0,1358,0.80937202676647
1359,0,1359,0.6631443924519331
1360,0,1360,0.8791543470402765
1361,0,1361,0.8998968209000033
1362,0,1362,0.822592851944521
1363,0,1363,1.002957528223264
1364,0,1364,1.0519485973346194
1365,0,1365,1.1204187214237376
1366,0,1366,0.9762734147618438
1367,0,1367,0.8546052335773398
1368,0,1368,0.9555542088528839
1369,0,1369,0.9548472259325755
1370,0,1370,1.0797610528915966
1371,0,1371,1.1947759553014798
1372,0,1372,0.9722022973872252
1373,0,1373,1.1939918493571426
1374,0,1374,1.0875712074310013
1375,0,1375,1.3556259941579656
1376,0,1376,0.9653469611192245
1377,0,1377,1.1148731190208785
1378,0,1378,1.2991652359435095
1379,0,1379,1.189174370476011
1380,0,1380,1.2876877502332071
1381,0,1381,1.4008570168633878
1382,0,1382,0.9879797690468635
1383,0,1383,1.243778681335257
1384,0,1384,1.0655568110181168
1385,0,1385,1.1056035910307567
1386,0,1386,1.219234631542845
1387,0,1387,1.3901172126358523
1388,0,1388,1.0555777238225705
1389,0,1389,1.2871625481734326
1390,0,1390,1.3063831642707173
1391,0,1391,1.4638104572282473
1392,0,1392,1.3858283798896613
1393,0,1393,1.249282582981616
1394,0,1394,1.2671868877880288
1395,0,1395,1.3362414136621459
1396,0,1396,1.3488097142517002
1397,0,1397,1.0936576942798346
1398,0,1398,1.0973318866042834
1399,0,1399,0.9504851171601022
1400,0,1400,1.2952752774532534
1401,0,1401,1.3948014832293392
1402,0,1402,1.1436294756303145
1403,0,1403,1.1381829245849724
1404,0,1404,1.068653471471596
1405,0,1405,1.083482709736927
1406,0,1406,1.104817845330447
1407,0,1407,1.1295874751546637
1408,0,1408,0.9523194927895129
1409,0,1409,0.9982830230875521
1410,0,1410,0.9645136023564317
1411,0,1411,0.936454992073734
1412,0,1412,0.8187831020767262
1413,0,1413,0.7356937821822979
1414,0,1414,0.821178408636351
1415,0,1415,0.6740471294966123
1416,0,1416,0.7459995874975011
1417,0,1417,0.8035611779309132
1418,0,1418,0.6913699308331875
1419,0,1419,0.6507868267050392
1420,0,1420,0.610079738535058
1421,0,1421,0.6631053647560996
1422,0,1422,0.7056727150650733
1423,0,1423,0.5619348476613325
1424,0,1424,0.6537888039275043
1425,0,1425,0.40631100808031867
1426,0,1426,0.46375261029002857
1427,0,1427,0.4760493109467389
1428,0,1428,0.46619096918305675
1429,0,1429,0.4247188026549148
1430,0,1430,0.3571818931731389
1431,0,1431,0.33223212783768724
1432,0,1432,0.35505283567067447
1433,0,1433,0.31066486676834815
1434,0,1434,0.33043340932323667
1435,0,1435,0.26132653445260634
1436,0,1436,0.25096167536567
1437,0,1437,0.1968278050548557
1438,0,1438,0.19367596174572316
1439,0,1439,0.1365436386208127
1440,0,1440,0.1274942247341281
1441,0,1441,0.09250513923969371
1442,0,1442,0.07469875372535573
1443,0,1443,0.06583716334178265
1444,0,1444,0.04023604043698534
1445,0,1445,0.022598132158124576
1446,0,1446,-0.00029675022322216973
1447,0,1447,-0.018808508242738393
1448,0,1448,-0.037003757313887435
1449,0,1449,-0.04613447785142531
1450,0,1450,-0.06170105355029429
1451,0,1451,-0.07699472102412253
1452,0,1452,-0.09943976629638432
1453,0,1453,-0.10511867978134834
1454,0,1454,-0.11796929971290378
1455,0,1455,-0.1007113885668367
1456,0,1456,-0.12173580346797691
1457,0,1457,-0.15568066634815317
1458,0,1458,-0.12081892061508279
1459,0,1459,-0.14623374657469576
1460,0,1460,-0.1854588564190049
1461,0,1461,-0.17110384275441828
1462,0,1462,-0.20234204493746097
1463,0,1463,-0.16043446913047277
1464,0,1464,-0.17576716636211046
1465,0,1465,-0.18841706447820197
1466,0,1466,-0.14837779360642125
1467,0,1467,-0.1350622896600637
1468,0,1468,-0.13516345213398037
1469,0,1469,-0.12481844845504225
1470,0,1470,-0.1101580187625386
1471,0,1471,-0.10912234675284699
1472,0,1472,-0.09355177904108025
1473,0,1473,-0.06836897441238976
1474,0,1474,-0.06651689189251257
1475,0,1475,-0.04765670428420329
1476,0,1476,-0.028550693080558496
1477,0,1477,-0.0153462341916531
1478,0,1478,0.0015464253800457032
1479,0,1479,0.024438909654367333
1480,0,1480,0.0413314384174907
1481,0,1481,0.06915125333412436
1482,0,1482,0.08654152727227137
1483,0,1483,0.10429462151750063
1484,0,1484,0.13481765477452964
1485,0,1485,0.1833686761532071
1486,0,1486,0.20426309430508463
1487,0,1487,0.23626643745208412
1488,0,1488,0.22516117816592168
1489,0,1489,0.2886838609070804
1490,0,1490,0.32169738708452156
1491,0,1491,0.38060479416524584
1492,0,1492,0.32097860270573453
1493,0,1493,0.3653213860772998
1494,0,1494,0.44946058926467786
1495,0,1495,0.4836405541979572
1496,0,1496,0.4372022442783998
1497,0,1497,0.4132927917396006
1498,0,1498,0.6284041218489724
1499,0,1499,0.6215387768206723
1500,0,1500,0.5230058578779744
1501,0,1501,0.7469465166994065
1502,0,1502,0.7361542971682427
1503,0,1503,0.748193782327941
1504,0,1504,0.8206055752493525
1505,0,1505,0.6996923704073269
1506,0,1506,0.8185459975514736
1507,0,1507,0.8281683729562623
1508,0,1508,0.8238836215330254
1509,0,1509,0.9114917849868499
1510,0,1510,0.8246644227502431
1511,0,1511,0.8741328144604792
1512,0,1512,1.0871736800769216
1513,0,1513,0.9134465467278697
1514,0,1514,1.078399298198247
1515,0,1515,0.8804918684524167
1516,0,1516,0.8730050053063241
1517,0,1517,1.1506781013013778
1518,0,1518,1.0549978786040728
1519,0,1519,1.2785887773037743
1520,0,1520,1.160865518229414
1521,0,1521,1.112745979618101
1522,0,1522,1.2263314851155906
1523,0,1523,1.3359498917688712
1524,0,1524,1.1359393209300799
1525,0,1525,1.3586559502348452
1526,0,1526,1.3470173138333976
1527,0,1527,1.2648645425249274
1528,0,1528,1.2552842925390069
1529,0,1529,1.4090862340257189
1530,0,1530,1.175551257094638
1531,0,1531,1.3734039512094849
1532,0,1532,1.437556146679312
1533,0,1533,1.393782297517546
1534,0,1534,1.385166964398093
1535,0,1535,1.4200356992631615
1536,0,1536,1.160930116558229
1537,0,1537,1.503375318960611
1538,0,1538,1.6260899860854932
1539,0,1539,1.7080606823472373
1540,0,1540,1.180461662357793
1541,0,1541,1.3283447089828038
1542,0,1542,1.3959212372392553
1543,0,1543,1.5761495089206066
1544,0,1544,1.0258058116347875
1545,0,1545,1.3674532556275438
1546,0,1546,1.2494806971079262
1547,0,1547,1.5311404965985207
1548,0,1548,1.3237619085029986
1549,0,1549,1.2482736746584364
1550,0,1550,1.2552800695326118
1551,0,1551,1.2783529755798957
1552,0,1552,1.2339777901557534
1553,0,1553,1.4144688371373284
1554,0,1554,1.0905098138445044
1555,0,1555,1.1197822080766595
1556,0,1556,1.1868938896331245
1557,0,1557,0.9901358428830722
1558,0,1558,1.3369364552676466
1559,0,1559,1.168520294888328
1560,0,1560,1.0408383152583915
1561,0,1561,1.0106431102021673
1562,0,1562,1.100104641794114
1563,0,1563,1.0206452895886093
1564,0,1564,0.918345984458481
1565,0,1565,1.0458705409732132
1566,0,1566,0.9544770864321255
1567,0,1567,0.8304577280985667
1568,0,1568,0.8842686396050803
1569,0,1569,0.8296732536337766
1570,0,1570,0.8493905032370074
1571,0,1571,0.8253122585808572
1572,0,1572,0.7138988389791115
1573,0,1573,0.6339054438802282
1574,0,1574,0.6922139003956579
1575,0,1575,0.7672174842242783
1576,0,1576,0.6742279254859705
1577,0,1577,0.5708500400009595
1578,0,1578,0.5285767565069417
1579,0,1579,0.5471480804055824
1580,0,1580,0.48228773467266656
1581,0,1581,0.46104391531691835
1582,0,1582,0.4540883557522148
1583,0,1583,0.41037868559164314
1584,0,1584,0.3940987337251937
1585,0,1585,0.3025989608326962
1586,0,1586,0.3283620488203554
1587,0,1587,0.31354019703294256
1588,0,1588,0.2634894336333388
1589,0,1589,0.25634270559622757
1590,0,1590,0.22780994106890534
1591,0,1591,0.17652320215050737
1592,0,1592,0.18934098952871264
1593,0,1593,0.14982951235978392
1594,0,1594,0.14045662942253953
1595,0,1595,0.1272761360806474
1596,0,1596,0.09790238832636629
1597,0,1597,0.08646457453245733
1598,0,1598,0.07178374712210352
1599,0,1599,0.03991610568392991
1600,0,1600,0.03622120848441778
1601,0,1601,0.018670100450236597
1602,0,1602,0.009345675265349244
1603,0,1603,-0.0033958320262461304
1604,0,1604,-0.014588628503477695
1605,0,1605,-0.02433550013845623
1606,0,1606,-0.030507201435546135
1607,0,1607,-0.03876273670240045
1608,0,1608,-0.03642161081851043
1609,0,1609,-0.046918223844941626
1610,0,1610,-0.06097940974978999
1611,0,1611,-0.0543580098136122
1612,0,1612,-0.051062909250635724
1613,0,1613,-0.043999159375960176
1614,0,1614,-0.05073750345099406
1615,0,1615,-0.04891549961582199
1616,0,1616,-0.0436744704572978
1617,0,1617,-0.04312637944533085
1618,0,1618,-0.02884030577006908
1619,0,1619,-0.025327961574040568
1620,0,1620,-0.011568898035504142
1621,0,1621,-0.0022959768193833202
1622,0,1622,0.011114051669703308
1623,0,1623,0.022430709166271698
1624,0,1624,0.034885613161969864
1625,0,1625,0.05739505872638933
1626,0,1626,0.06647855481200798
1627,0,1627,0.0843717769877245
1628,0,1628,0.1141508927681799
1629,0,1629,0.12555678731947656
1630,0,1630,0.13064513893970003
1631,0,1631,0.17675376564536588
1632,0,1632,0.20588233527083066
1633,0,1633,0.24878174663053065
1634,0,1634,0.22883405292520276
1635,0,1635,0.28231967471830055
1636,0,1636,0.31708523998614846
1637,0,1637,0.3143657667361535
1638,0,1638,0.32753829615299573
1639,0,1639,0.40844390486141724
1640,0,1640,0.3981166272985851
1641,0,1641,0.4272450114517605
1642,0,1642,0.49342164538380834
1643,0,1643,0.4984602982037611
1644,0,1644,0.5940338772834538
1645,0,1645,0.5163558394791077
1646,0,1646,0.6065053396643837
1647,0,1647,0.6856274208903561
1648,0,1648,0.5917105452860426
1649,0,1649,0.7342869067197947
1650,0,1650,0.7092874174977443
1651,0,1651,0.7147555544830371
1652,0,1652,0.6824806823087319
1653,0,1653,0.7539969107982745
1654,0,1654,0.9242129689128724
1655,0,1655,0.9678315577183816
1656,0,1656,0.9238208432732543
1657,0,1657,0.9184480115460621
1658,0,1658,1.0848478209927046
1659,0,1659,0.9611514298845683
1660,0,1660,1.0500566598824868
1661,0,1661,1.1409666107129024
1662,0,1662,1.1370496598179642
1663,0,1663,1.1607274878618377
1664,0,1664,1.1738449339426997
1665,0,1665,1.1211447016997593
1666,0,1666,1.239324929813669
1667,0,1667,1.137436105742327
1668,0,1668,1.2442533665100353
1669,0,1669,1.156051634119849
1670,0,1670,1.3310429358734808
1671,0,1671,1.3389883604466482
1672,0,1672,1.2937619832091645
1673,0,1673,1.3869020890790638
1674,0,1674,1.3818663580338049
1675,0,1675,1.3966250107710405
1676,0,1676,1.416252214161139
1677,0,1677,1.5686397293995393
1678,0,1678,1.5485792294219136
1679,0,1679,1.507985698945238
1680,0,1680,1.276780051826634
1681,0,1681,1.3183074297382789
1682,0,1682,1.4924984849505079
1683,0,1683,1.5869211264227534
1684,0,1684,1.4649258811648538
1685,0,1685,1.40508534710272
1686,0,1686,1.3870919706595524
1687,0,1687,1.584170641610361
1688,0,1688,1.6237066146028143
1689,0,1689,1.577140800522868
1690,0,1690,1.3252937399628615
1691,0,1691,1.6008847307799219
1692,0,1692,1.2618304482912848
1693,0,1693,1.3866134907634726
1694,0,1694,1.2041169591600132
1695,0,1695,1.2365981042387897
1696,0,1696,1.3920957803206673
1697,0,1697,1.6460966232708696
1698,0,1698,1.406646902585893
1699,0,1699,1.4697554045321153
1700,0,1700,1.3763910791178229
1701,0,1701,1.6774495229665911
1702,0,1702,1.5052398255026902
1703,0,1703,1.7062984397003012
1704,0,1704,1.3904589468068078
1705,0,1705,1.317390377068763
1706,0,1706,1.3900363119308143
1707,0,1707,1.615209247842539
1708,0,1708,1.1820106934751113
1709,0,1709,0.9859166430143975
1710,0,1710,1.143366140845963
1711,0,1711,1.2355710047285595
1712,0,1712,1.263655218569212
1713,0,1713,1.11673563446691
1714,0,1714,1.0609249891618866
1715,0,1715,1.0038083216032045
1716,0,1716,0.9954402417575353
1717,0,1717,1.0760902309979632
1718,0,1718,0.8645895859645975
1719,0,1719,0.913710970511239
1720,0,1720,1.0584521003504241
1721,0,1721,0.8689602066860386
1722,0,1722,0.799108809152511
1723,0,1723,0.9593087054541747
1724,0,1724,0.8460851126670486
1725,0,1725,0.8695482379772806
1726,0,1726,0.6983002378690996
1727,0,1727,0.680558671252398
1728,0,1728,0.511398681366528
1729,0,1729,0.6283317356215181
1730,0,1730,0.5077085668196176
1731,0,1731,0.6157606713474612
1732,0,1732,0.5847350368617168
1733,0,1733,0.6169483676826963
1734,0,1734,0.437871042237734
1735,0,1735,0.39035090645779497
1736,0,1736,0.4182081578743522
1737,0,1737,0.47133937631960243
1738,0,1738,0.438484769132382
1739,0,1739,0.3511007135975342
1740,0,1740,0.36547488324868255
1741,0,1741,0.3858955386295714
1742,0,1742,0.23784004667654288
1743,0,1743,0.2704848073079618
1744,0,1744,0.2569547546792241
1745,0,1745,0.23578874544205478
1746,0,1746,0.17258764631075968
1747,0,1747,0.22344008236063556
1748,0,1748,0.1760982407743519
1749,0,1749,0.13845796105248528
1750,0,1750,0.1671288203966701
1751,0,1751,0.14613006667620188
1752,0,1752,0.12084477203773969
1753,0,1753,0.09925822339990976
1754,0,1754,0.09493698843608941
1755,0,1755,0.08302388224935978
1756,0,1756,0.07730314299397854
1757,0,1757,0.07203642800462694
1758,0,1758,0.059092216499720324
1759,0,1759,0.06896370745474112
1760,0,1760,0.055788576634902644
1761,0,1761,0.05906520973217001
1762,0,1762,0.04518191582216003
1763,0,1763,0.06111039077260894
1764,0,1764,0.06867615470457356
1765,0,1765,0.04818625080592037
1766,0,1766,0.06295683585632117
1767,0,1767,0.08145086429792096
1768,0,1768,0.09740291655196115
1769,0,1769,0.09523015726038382
1770,0,1770,0.11769517736670619
1771,0,1771,0.12488344550602501
1772,0,1772,0.11780117037495595
1773,0,1773,0.13336949625036928
1774,0,1774,0.13832694269610898
1775,0,1775,0.13557619253575492
1776,0,1776,0.21623778749204683
1777,0,1777,0.21537560923630614
1778,0,1778,0.24434019691803235
1779,0,1779,0.23438430911345678
1780,0,1780,0.26393232530766186
1781,0,1781,0.34535036343174574
1782,0,1782,0.3135278639629206
1783,0,1783,0.3191317435545665
1784,0,1784,0.3190086356900246
1785,0,1785,0.40126152033877227
1786,0,1786,0.4170200211233063
1787,0,1787,0.3968506764891191
1788,0,1788,0.4149751182596126
1789,0,1789,0.4505689823350594
1790,0,1790,0.5337314473771866
1791,0,1791,0.5646588636359566
1792,0,1792,0.628746278778417
1793,0,1793,0.6966902931308931
1794,0,1794,0.7364069080708958
1795,0,1795,0.7721666439017232
1796,0,1796,0.7032698926314458
1797,0,1797,0.6894973480648109
1798,0,1798,0.6907940142690299
1799,0,1799,0.8028342393661598
1800,0,1800,0.9212850539510273
1801,0,1801,0.9404315177827618
1802,0,1802,0.9739944851900577
1803,0,1803,0.9813493269358501
1804,0,1804,0.960363652090365
1805,0,1805,0.9915193666419224
1806,0,1806,1.1617409868761517
1807,0,1807,1.0355312227313076
1808,0,1808,0.9882385242404902
1809,0,1809,1.2181575390256845
1810,0,1810,1.1377767086151898
1811,0,1811,1.0774645560290086
1812,0,1812,1.14839019338827
1813,0,1813,1.1239135395746895
1814,0,1814,1.0867901265989663
1815,0,1815,1.314767082676331
1816,0,1816,1.2983153127698361
1817,0,1817,1.5085375215387125
1818,0,1818,1.3874802026173128
1819,0,1819,1.3027102923429315
1820,0,1820,1.5421555530183189
1821,0,1821,1.526984823547784
1822,0,1822,1.3953079341949772
1823,0,1823,1.2844758732087247
1824,0,1824,1.279415686276919
1825,0,1825,1.561218328993483
1826,0,1826,1.6596559223286191
1827,0,1827,1.4489616961301286
1828,0,1828,1.6580199081256273
1829,0,1829,1.195905712563706
1830,0,1830,1.4905341740939226
1831,0,1831,1.3703926233319805
1832,0,1832,1.4990264501498038
1833,0,1833,1.6643506326527417
1834,0,1834,1.67615777881017
1835,0,1835,1.4203084764708687
1836,0,1836,1.9576731165587613
1837,0,1837,1.572443207131916
1838,0,1838,1.5856061498142082
1839,0,1839,1.8998889018886937
1840,0,1840,1.6968219515599676
1841,0,1841,1.3677798736713604
1842,0,1842,1.6743168890534441
1843,0,1843,1.2846516918994115
1844,0,1844,1.5464862872056306
1845,0,1845,1.6977246486885618
1846,0,1846,1.594453217800974
1847,0,1847,1.3671291002865618
1848,0,1848,1.535805840519988
1849,0,1849,1.709706554301588
1850,0,1850,1.4656043758029962
1851,0,1851,1.693133089351255
1852,0,1852,1.4205037642011447
1853,0,1853,1.5257702552151344
1854,0,1854,1.5202467126831412
1855,0,1855,1.3671642545114482
1856,0,1856,1.4968216351476762
1857,0,1857,1.3480601643820467
1858,0,1858,1.4459573085187345
1859,0,1859,1.4031118426726927
1860,0,1860,1.321871453056935
1861,0,1861,1.3173866519157718
1862,0,1862,1.2726380061709799
1863,0,1863,1.277664561897386
1864,0,1864,1.1885151808778733
1865,0,1865,1.145159025275731
1866,0,1866,1.0759566385760777
1867,0,1867,1.1189016976968587
1868,0,1868,0.9991423091185732
1869,0,1869,1.1571151587644066
1870,0,1870,1.1411741988054078
1871,0,1871,0.8000696983924396
1872,0,1872,1.0584651956806834
1873,0,1873,0.857154760229239
1874,0,1874,1.0011822471420377
1875,0,1875,0.7438384372718043
1876,0,1876,0.9310770754336076
1877,0,1877,0.8897003438444963
1878,0,1878,0.7083917002882109
1879,0,1879,0.88556644386908
1880,0,1880,0.8054377273412139
1881,0,1881,0.870399018782953
1882,0,1882,0.6919951401119153
1883,0,1883,0.7051118433130443
1884,0,1884,0.4442651386167031
1885,0,1885,0.5990853298135084
1886,0,1886,0.5542921627091993
1887,0,1887,0.4949500983743342
1888,0,1888,0.47162498047600326
1889,0,1889,0.5128678154038242
1890,0,1890,0.49311203569425843
1891,0,1891,0.46993203305511194
1892,0,1892,0.43402365607486093
1893,0,1893,0.42854027414467427
1894,0,1894,0.4164956908237607
1895,0,1895,0.378560199306641
1896,0,1896,0.3104528416001278
1897,0,1897,0.2803427701783251
1898,0,1898,0.33423592840187766
1899,0,1899,0.25745719534808886
1900,0,1900,0.2698986683932914
1901,0,1901,0.22340991821374276
1902,0,1902,0.19491856945305924
1903,0,1903,0.26436921108029754
1904,0,1904,0.22355205616658658
1905,0,1905,0.23900373794752208
1906,0,1906,0.2259745149988372
1907,0,1907,0.21160395862271436
1908,0,1908,0.21070411057071967
1909,0,1909,0.19423023065013445
1910,0,1910,0.1806413210997931
1911,0,1911,0.17723707630082858
1912,0,1912,0.16575691495948652
1913,0,1913,0.16864927159427587
1914,0,1914,0.17929453746255047
1915,0,1915,0.18288740634916995
1916,0,1916,0.2003077636652498
1917,0,1917,0.17638916459173387
1918,0,1918,0.22070596150640445
1919,0,1919,0.21435537567340585
1920,0,1920,0.20731846672068688
1921,0,1921,0.22537864277293207
1922,0,1922,0.32608232468437476
1923,0,1923,0.24416751533390477
1924,0,1924,0.31464741747878927
1925,0,1925,0.339466983615637
1926,0,1926,0.290804124036073
1927,0,1927,0.29538565225696234
1928,0,1928,0.4094728099040278
1929,0,1929,0.31462498459966853
1930,0,1930,0.3251401187184342
1931,0,1931,0.4372365877421247
1932,0,1932,0.39696399706289814
1933,0,1933,0.44708956466007893
1934,0,1934,0.3940727097891034
1935,0,1935,0.4668556334704587
1936,0,1936,0.5022790221268989
1937,0,1937,0.6253664499313414
1938,0,1938,0.5231516566222024
1939,0,1939,0.5254778283766038
1940,0,1940,0.7103034564451366
1941,0,1941,0.6380382254699496
1942,0,1942,0.6668713970778017
1943,0,1943,0.6967811555587377
1944,0,1944,0.9298199404120955
1945,0,1945,0.8437181554234721
1946,0,1946,0.7433520876009996
1947,0,1947,0.8454192703935454
1948,0,1948,0.8273362868028048
1949,0,1949,1.0858099312731824
1950,0,1950,0.9685203050449859
1951,0,1951,0.9347108361431441
1952,0,1952,0.8996604121508085
1953,0,1953,1.0691814039486571
1954,0,1954,1.2109251519834283
1955,0,1955,1.1532275117202642
1956,0,1956,1.1544532876410527
1957,0,1957,1.217503908614779
1958,0,1958,0.9493582873368509
1959,0,1959,1.2151678676720092
1960,0,1960,1.221097138685766
1961,0,1961,1.0785745906914008
1962,0,1962,1.4020940101923325
1963,0,1963,1.4679386625081308
1964,0,1964,1.4389709364797107
1965,0,1965,1.198330414647556
1966,0,1966,1.7291047806797333
1967,0,1967,1.7368745613192123
1968,0,1968,1.4728772641584995
1969,0,1969,1.5052795968095438
1970,0,1970,1.5593747119206058
1971,0,1971,1.5879987410919187
1972,0,1972,1.6678297639352806
1973,0,1973,1.4584784392870374
1974,0,1974,1.5205450461067347
1975,0,1975,1.371013473644103
1976,0,1976,1.627744763336698
1977,0,1977,1.6443198773427614
1978,0,1978,1.445044993971847
1979,0,1979,1.9857144774068056
1980,0,1980,1.7941101812586646
1981,0,1981,1.5756669622825201
1982,0,1982,1.779411298297164
1983,0,1983,1.7968873061191482
1984,0,1984,1.6655403900259396
1985,0,1985,1.8658471602741264
1986,0,1986,1.7003901581345222
1987,0,1987,1.6963321252601187
1988,0,1988,1.8485378759519762
1989,0,1989,1.6587382541121445
1990,0,1990,1.7388315923892785
1991,0,1991,1.5347977702411966
1992,0,1992,2.0613469346225224
1993,0,1993,1.8576747638420765
1994,0,1994,1.814390581855264
1995,0,1995,1.8558041264694598
1996,0,1996,1.905936260397991
1997,0,1997,1.7589705384448608
1998,0,1998,1.7372652001171807
1999,0,1999,1.7337826583579605
2000,0,2000,1.7291541387660656
2001,0,2001,1.7317648096694602
2002,0,2002,1.6314421496884666
2003,0,2003,1.4642051613019962
2004,0,2004,1.6055410022698224
2005,0,2005,1.5654490305209012
2006,0,2006,1.3399532119738726
2007,0,2007,1.7666434113218548
2008,0,2008,1.4342618974311767
2009,0,2009,1.3910946837226736
2010,0,2010,1.3993023095907915
2011,0,2011,1.3363743008561597
2012,0,2012,1.2838783410350463
2013,0,2013,1.3044153592702623
2014,0,2014,1.4946663195809302
2015,0,2015,1.430804680968826
2016,0,2016,1.352619892530744
2017,0,2017,1.426858672263493
2018,0,2018,1.1213228834759186
2019,0,2019,1.2197300926927994
2020,0,2020,0.9710921902683349
2021,0,2021,1.1533557718771497
2022,0,2022,1.0543474946783788
2023,0,2023,0.8718948937865414
2024,0,2024,0.9960841158627187
2025,0,2025,0.9896814530527253
2026,0,2026,1.0341397848196148
2027,0,2027,1.082826351084194
2028,0,2028,0.9124916793686803
2029,0,2029,0.664915095584236
2030,0,2030,0.924702726243754
2031,0,2031,0.760697386857481
2032,0,2032,0.7455103250107088
2033,0,2033,0.7532338413386197
2034,0,2034,0.7208481361437281
2035,0,2035,0.7394132760588745
2036,0,2036,0.6121719649096999
2037,0,2037,0.7170240911686938
2038,0,2038,0.5672292606930052
2039,0,2039,0.6856541612099176
2040,0,2040,0.5918749724483444
2041,0,2041,0.5675743855732404
2042,0,2042,0.45630438228640446
2043,0,2043,0.6041732596090132
2044,0,2044,0.5376789625832662
2045,0,2045,0.47198674141600044
2046,0,2046,0.4357480310354509
2047,0,2047,0.39863220120809095
2048,0,2048,0.44716148137817846
2049,0,2049,0.39283483492998494
2050,0,2050,0.3324759986665459
2051,0,2051,0.32975981432374674
2052,0,2052,0.36500037029705196
2053,0,2053,0.33719670081858
2054,0,2054,0.40772790398344805
2055,0,2055,0.34645982467136616
2056,0,2056,0.35029105487382617
2057,0,2057,0.33076311028470806
2058,0,2058,0.3556133292012553
2059,0,2059,0.2990847859606686
2060,0,2060,0.333520007585856
2061,0,2061,0.30398352026398184
2062,0,2062,0.28852388330174106
2063,0,2063,0.28246027898588905
2064,0,2064,0.34096081139383455
2065,0,2065,0.36957757245429096
2066,0,2066,0.38124010212637344
2067,0,2067,0.30945246594019493
2068,0,2068,0.38024045702683773
2069,0,2069,0.35853344465972975
2070,0,2070,0.355135201147835
2071,0,2071,0.38906394567681934
2072,0,2072,0.35721233090452204
2073,0,2073,0.3750667010182768
2074,0,2074,0.37902550798882795
2075,0,2075,0.3741553456180328
2076,0,2076,0.4826614697455997
2077,0,2077,0.4759740219891067
2078,0,2078,0.4358333881486087
2079,0,2079,0.48564308748771273
2080,0,2080,0.48891148642517374
2081,0,2081,0.5334815227972729
2082,0,2082,0.5241300131069565
2083,0,2083,0.5429777267021273
2084,0,2084,0.6389829703823137
2085,0,2085,0.5286631273378073
2086,0,2086,0.7040776511508401
2087,0,2087,0.6655347400289467
2088,0,2088,0.7801886403094617
2089,0,2089,0.9405627327012909
2090,0,2090,0.7985400348768908
2091,0,2091,0.7550377446624614
2092,0,2092,0.8519685695121736
2093,0,2093,0.791983260733756
2094,0,2094,0.9204555699216274
2095,0,2095,0.9500326727548246
2096,0,2096,0.8696246104616148
2097,0,2097,1.0876973670230867
2098,0,2098,1.1262889388531834
2099,0,2099,1.0266512680377247
2100,0,2100,0.9124410783919166
2101,0,2101,0.9464769320312381
2102,0,2102,1.2469799131127202
2103,0,2103,1.00945116343463
2104,0,2104,0.8679732049539114
2105,0,2105,0.9101696097870204
2106,0,2106,1.1965678475708896
2107,0,2107,1.1615769934189568
2108,0,2108,1.1096784944300857
2109,0,2109,1.6226683116502723
2110,0,2110,1.246330425344568
2111,0,2111,1.5762431225668538
2112,0,2112,1.514490560446697
2113,0,2113,1.6038360917338592
2114,0,2114,1.67741432951347
2115,0,2115,1.7726879331652907
2116,0,2116,1.2941399490334387
2117,0,2117,1.6412667886008667
2118,0,2118,1.786487452080612
2119,0,2119,1.6164112854125054
2120,0,2120,1.9420636329373997
2121,0,2121,1.7488132839453459
2122,0,2122,1.6504773642360575
2123,0,2123,1.5816465062481249
2124,0,2124,1.7247201094128601
2125,0,2125,1.5594095840434294
2126,0,2126,1.9699441121621148
2127,0,2127,1.5829417433064843
2128,0,2128,1.815583724760519
2129,0,2129,1.5567237834173657
2130,0,2130,1.9890045577445514
2131,0,2131,1.656465107231148
2132,0,2132,1.8388837508238607
2133,0,2133,1.9179352967177792
2134,0,2134,1.9730321542180949
2135,0,2135,1.771752977016318
2136,0,2136,1.9685435645471157
2137,0,2137,1.7279942361241931
2138,0,2138,1.8553311185505237
2139,0,2139,1.903583435722874
2140,0,2140,1.855519737763367
2141,0,2141,1.8923836383259773
2142,0,2142,1.8766948739988805
2143,0,2143,1.745704208968888
2144,0,2144,1.9675884370299033
2145,0,2145,2.036830365778403
2146,0,2146,2.0442108355484923
2147,0,2147,1.7152810509566079
2148,0,2148,1.8577336344251223
2149,0,2149,2.0139265803175825
2150,0,2150,1.6315920765112648
2151,0,2151,1.647391896085794
2152,0,2152,1.8946006408015774
2153,0,2153,1.7256814215003622
2154,0,2154,1.6490715694042843
2155,0,2155,1.851106940338205
2156,0,2156,1.230411048737561
2157,0,2157,1.607364952652763
2158,0,2158,1.5857491044822498
2159,0,2159,1.6946199266003679
2160,0,2160,1.6158385668863
2161,0,2161,1.3597254792263196
2162,0,2162,1.3968405450276797
2163,0,2163,1.5478558702572842
2164,0,2164,1.4927604126527105
2165,0,2165,1.6055660020280558
2166,0,2166,1.3919112922364187
2167,0,2167,1.4111496775027814
2168,0,2168,1.2612175866443394
2169,0,2169,1.2237797421865741
2170,0,2170,1.3446773611629064
2171,0,2171,1.1479316566125064
2172,0,2172,1.214866438349317
2173,0,2173,1.2879756593176672
2174,0,2174,1.0332565069714073
2175,0,2175,0.9451072546623199
2176,0,2176,1.1919062595993397
2177,0,2177,1.2897349122022652
2178,0,2178,1.0781586728770294
2179,0,2179,0.9416494600444223
2180,0,2180,1.002696218492125
2181,0,2181,0.9680984756635362
2182,0,2182,1.0498339180460439
2183,0,2183,0.9179326426581399
2184,0,2184,0.8312520752824634
2185,0,2185,0.7328684416843102
2186,0,2186,0.7526117630362422
2187,0,2187,0.8759639681864754
2188,0,2188,0.7383928694046841
2189,0,2189,0.9014498345042135
2190,0,2190,0.6834541092823269
2191,0,2191,0.7347571907670833
2192,0,2192,0.5821192997334795
2193,0,2193,0.6247228729134469
2194,0,2194,0.7049623159096278
2195,0,2195,0.6093631139705382
2196,0,2196,0.5646161115233923
2197,0,2197,0.575173950989538
2198,0,2198,0.4888033926072787
2199,0,2199,0.5122166357201895
2200,0,2200,0.4977516070929908
2201,0,2201,0.5326211220372304
2202,0,2202,0.47821177851566543
2203,0,2203,0.4877267986741217
2204,0,2204,0.5009145611184987
2205,0,2205,0.5216082911418454
2206,0,2206,0.4347678889949441
2207,0,2207,0.537181913155234
2208,0,2208,0.4529797151743633
2209,0,2209,0.4317237506151047
2210,0,2210,0.46055472214111887
2211,0,2211,0.4053040757148714
2212,0,2212,0.4417178592270673
2213,0,2213,0.4010126233935623
2214,0,2214,0.3750664601344822
2215,0,2215,0.4381601704630865
2216,0,2216,0.5307860763144175
2217,0,2217,0.46724490532133567
2218,0,2218,0.4795780844774973
2219,0,2219,0.4350099961006687
2220,0,2220,0.5005582736887937
2221,0,2221,0.45229366910106616
2222,0,2222,0.5608187759706281
2223,0,2223,0.49488358887786915
2224,0,2224,0.4695839134306619
2225,0,2225,0.5993148640585563
2226,0,2226,0.6278050145059474
2227,0,2227,0.5319423127132302
2228,0,2228,0.7022601806527605
2229,0,2229,0.672948673125027
2230,0,2230,0.5756156840057083
2231,0,2231,0.6277064607139458
2232,0,2232,0.7347650564795671
2233,0,2233,0.7909729327164108
2234,0,2234,0.8316552073321284
2235,0,2235,0.8081588852700526
2236,0,2236,0.8569527562396423
2237,0,2237,0.8919851454383325
2238,0,2238,0.8250604773860634
2239,0,2239,0.9376976036399919
2240,0,2240,0.9071066004692224
2241,0,2241,0.8737352290334773
2242,0,2242,1.008924379077978
2243,0,2243,0.9151197709003158
2244,0,2244,0.9966692637925407
2245,0,2245,1.0563899167791637
2246,0,2246,1.0803636970693131
2247,0,2247,1.1603500005337244
2248,0,2248,1.1782423196981113
2249,0,2249,1.2327489385970318
2250,0,2250,1.2674047888155104
2251,0,2251,1.0687604016179104
2252,0,2252,1.245218236295085
2253,0,2253,0.9606603077739904
2254,0,2254,1.428779080275656
2255,0,2255,1.2423536860370423
2256,0,2256,1.4081407234596328
2257,0,2257,1.5170640162653086
2258,0,2258,1.4772413089438392
2259,0,2259,1.537718305020151
2260,0,2260,1.5918483692674594
2261,0,2261,1.3619396658657694
2262,0,2262,1.2623938468973501
2263,0,2263,1.838318879349113
2264,0,2264,1.7480042879323752
2265,0,2265,1.8276242723598144
2266,0,2266,1.623870932558981
2267,0,2267,1.8081785490948523
2268,0,2268,1.8955918805765424
2269,0,2269,1.9183015775597676
2270,0,2270,1.8886527417805676
2271,0,2271,2.1314303974722293
2272,0,2272,1.857154149759813
2273,0,2273,1.5882103960165888
2274,0,2274,2.0102941166664614
2275,0,2275,1.9719863483333466
2276,0,2276,1.540704295776387
2277,0,2277,2.077806914030976
2278,0,2278,1.9191465235279528
2279,0,2279,1.834759784934079
2280,0,2280,1.6938919636582501
2281,0,2281,2.020266354593227
2282,0,2282,2.3134378324299454
2283,0,2283,1.9737989084834475
2284,0,2284,1.9199047815756731
2285,0,2285,1.9691963012004952
2286,0,2286,1.882560378849456
2287,0,2287,2.068409721177224
2288,0,2288,1.704828198887715
2289,0,2289,2.3601781418309913
2290,0,2290,2.330420653090645
2291,0,2291,2.1228470967723343
2292,0,2292,2.1898244959037654
2293,0,2293,1.8642388672254766
2294,0,2294,1.7372347292742978
2295,0,2295,2.115117907528809
2296,0,2296,2.038751521481649
2297,0,2297,1.7916388146069702
2298,0,2298,1.7327602842848284
2299,0,2299,2.1587547452046603
2300,0,2300,2.0916925718565405
2301,0,2301,1.7950767843616402
2302,0,2302,1.8468064143255416
2303,0,2303,2.0895771520906745
2304,0,2304,1.5901472447679255
2305,0,2305,1.9630183032375985
2306,0,2306,1.9312978219747585
2307,0,2307,1.9326745664151488
2308,0,2308,1.529568896019385
2309,0,2309,1.8832455714889302
2310,0,2310,1.6421302517015903
2311,0,2311,1.653678858238158
2312,0,2312,1.4526805352686765
2313,0,2313,1.3776512526878757
2314,0,2314,1.8730400426586231
2315,0,2315,1.5421813340564214
2316,0,2316,1.629596447753901
2317,0,2317,1.4549224783047576
2318,0,2318,1.311826265443112
2319,0,2319,1.3698785931059634
2320,0,2320,1.3829873723930717
2321,0,2321,1.306267462965236
2322,0,2322,1.3093190856352233
2323,0,2323,1.2180237046646676
2324,0,2324,1.4261005464114314
2325,0,2325,1.2631700220545252
2326,0,2326,1.2509600134487315
2327,0,2327,1.1966830477026629
2328,0,2328,1.4233626552356125
2329,0,2329,1.38178555615568
2330,0,2330,1.0206909622667197
2331,0,2331,1.1801809325993673
2332,0,2332,1.0723838987919965
2333,0,2333,0.9508057780044391
2334,0,2334,0.991842416001694
2335,0,2335,1.0069689896241294
2336,0,2336,0.9701363046821136
2337,0,2337,1.109694374422691
2338,0,2338,0.9999159416425766
2339,0,2339,0.874003825569996
2340,0,2340,0.6978927976128885
2341,0,2341,0.7589122492258793
2342,0,2342,0.8964506549668515
2343,0,2343,0.6082754783474819
2344,0,2344,0.7295125585021581
2345,0,2345,0.6124425444741849
2346,0,2346,0.7988361701334543
2347,0,2347,0.6281276103330111
2348,0,2348,0.7916294584529753
2349,0,2349,0.7630477866765061
2350,0,2350,0.5977145338939631
2351,0,2351,0.7025627905572496
2352,0,2352,0.6258349682440323
2353,0,2353,0.8566654020969224
2354,0,2354,0.696658124204221
2355,0,2355,0.6539481850917236
2356,0,2356,0.5960545944759944
2357,0,2357,0.6558163717948404
2358,0,2358,0.6098219428145059
2359,0,2359,0.5119123961617809
2360,0,2360,0.6183876740501426
2361,0,2361,0.5757038716987487
2362,0,2362,0.5346564752045021
2363,0,2363,0.6351927193300427
2364,0,2364,0.6847341012278616
2365,0,2365,0.5639977271296907
2366,0,2366,0.6641009532120342
2367,0,2367,0.678218478894785
2368,0,2368,0.683587895614484
2369,0,2369,0.66848660458734
2370,0,2370,0.7039830280445216
2371,0,2371,0.556507220715465
2372,0,2372,0.6929343744457022
2373,0,2373,0.6991753320326319
2374,0,2374,0.6927702957039188
2375,0,2375,0.63657631568954
2376,0,2376,0.7705417301302151
2377,0,2377,0.7497480098051553
2378,0,2378,0.7666282952751612
2379,0,2379,0.8271187280772975
2380,0,2380,0.764910180019747
2381,0,2381,0.7878503257322774
2382,0,2382,0.9730267985971421
2383,0,2383,0.8224751208526785
2384,0,2384,0.9476254969468946
2385,0,2385,0.8727803590538549
2386,0,2386,0.9264194875096079
2387,0,2387,1.0114084603357842
2388,0,2388,0.9742868847595815
2389,0,2389,1.0665717008324729
2390,0,2390,1.0827479033155085
2391,0,2391,1.195154484091459
2392,0,2392,1.0436217507621337
2393,0,2393,1.1178585580192455
2394,0,2394,1.0271590066410838
2395,0,2395,1.1213226988689133
2396,0,2396,1.2779088337542153
2397,0,2397,1.2696827061187024
2398,0,2398,0.9788303686098025
2399,0,2399,1.4195474648287478
2400,0,2400,1.405426139921891
2401,0,2401,1.5431637664116211
2402,0,2402,1.4559528961844368
2403,0,2403,1.4825526274743472
2404,0,2404,1.393107850551946
2405,0,2405,1.5964841542810744
2406,0,2406,1.5345832039968288
2407,0,2407,1.3674869761383412
2408,0,2408,1.6572303289076729
2409,0,2409,1.3422551462364374
2410,0,2410,1.556125061540128
2411,0,2411,1.394415658031942
2412,0,2412,1.680036055147086
2413,0,2413,1.5730282605014316
2414,0,2414,1.999072137529073
2415,0,2415,2.0253937182917703
2416,0,2416,1.8261081868344096
2417,0,2417,1.8137430220665105
2418,0,2418,1.7441332893421746
2419,0,2419,2.2431124280282626
2420,0,2420,1.8716740850448208
2421,0,2421,1.8192480177105228
2422,0,2422,1.8470809469425997
2423,0,2423,1.900512466438191
2424,0,2424,2.0916389846163335
2425,0,2425,2.4396112814166773
2426,0,2426,2.1248640508202
2427,0,2427,2.1242922938181765
2428,0,2428,2.3513192138048056
2429,0,2429,2.314433161102675
2430,0,2430,2.105075941229152
2431,0,2431,2.2667715840879126
2432,0,2432,2.216218715395266
2433,0,2433,2.304829206719239
2434,0,2434,1.9212660938431296
2435,0,2435,2.324137366607645
2436,0,2436,1.7927652572378143
2437,0,2437,2.008169336788642
2438,0,2438,2.288797766723195
2439,0,2439,2.0167757461621716
2440,0,2440,1.6360056840665138
2441,0,2441,2.1056493160899046
2442,0,2442,2.030165137393808
2443,0,2443,2.2164276045846565
2444,0,2444,2.0231637458407197
2445,0,2445,2.28587372994707
2446,0,2446,2.2404112661167104
2447,0,2447,2.114898241369665
2448,0,2448,2.4108205695052245
2449,0,2449,2.0999860433584145
2450,0,2450,1.9587125862265775
2451,0,2451,1.6603945278990648
2452,0,2452,2.1173182238598938
2453,0,2453,1.8845483783628316
2454,0,2454,2.515717194203115
2455,0,2455,2.2295709451643506
2456,0,2456,2.1402440410712944
2457,0,2457,2.1974207769764904
2458,0,2458,2.0042627855589474
2459,0,2459,2.00462551255707
2460,0,2460,2.2082944047217117
2461,0,2461,1.671969476161985
2462,0,2462,1.8526466214706594
2463,0,2463,1.8819529573102447
2464,0,2464,1.4711537373428651
2465,0,2465,1.7247068519205118
2466,0,2466,1.8858394770309546
2467,0,2467,1.6409549831436563
2468,0,2468,1.7126299578326911
2469,0,2469,1.7507032887740728
2470,0,2470,1.6287747689545105
2471,0,2471,1.471432954076884
2472,0,2472,1.61632000188631
2473,0,2473,1.7720645781692355
2474,0,2474,1.1991634942986849
2475,0,2475,1.435366395243648
2476,0,2476,1.373008368492927
2477,0,2477,1.636180607013213
2478,0,2478,1.419485191117597
2479,0,2479,1.2828335184844735
2480,0,2480,1.2204198138744091
2481,0,2481,1.344069502411781
2482,0,2482,0.9441657872733453
2483,0,2483,1.1868200064037744
2484,0,2484,0.9052542152490686
2485,0,2485,1.0668081921793182
2486,0,2486,1.2545549684289026
2487,0,2487,1.0508017647956234
2488,0,2488,1.1496665603094807
2489,0,2489,1.2353942868168888
2490,0,2490,0.9557899551076618
2491,0,2491,0.9752171396327532
2492,0,2492,1.0740995749799387
2493,0,2493,1.025748975627458
2494,0,2494,0.9504841632262845
2495,0,2495,0.9108074502479238
2496,0,2496,0.9286200980261445
2497,0,2497,0.8790149224921813
2498,0,2498,0.8919036707276492
2499,0,2499,0.8612070714005042
2500,0,2500,0.8113092746295025
2501,0,2501,0.9606865152011632
2502,0,2502,0.7976623229625918
2503,0,2503,0.7972382446197285
2504,0,2504,0.9152620573160445
2505,0,2505,0.712809524486414
2506,0,2506,0.789138176353474
2507,0,2507,0.7785967717847004
2508,0,2508,0.8294662925565284
2509,0,2509,0.6708969424386073
2510,0,2510,0.7637932289439147
2511,0,2511,0.8368869143841947
2512,0,2512,0.6975709656519226
2513,0,2513,0.6787325368231937
2514,0,2514,0.7636233707050578
2515,0,2515,0.6987375329488458
2516,0,2516,0.750899811810634
2517,0,2517,0.755852512279335
2518,0,2518,0.7888773297246602
2519,0,2519,0.7087897549274506
2520,0,2520,0.7687742253156636
2521,0,2521,0.8195073535410405
2522,0,2522,0.7117689114854763
2523,0,2523,0.8259600892701265
2524,0,2524,0.8152154821254556
2525,0,2525,0.9857424147216429
2526,0,2526,0.7580129666909494
2527,0,2527,0.8474075161806731
2528,0,2528,0.7390379660660542
2529,0,2529,1.0630159618942587
2530,0,2530,0.9937458105904804
2531,0,2531,0.970407258892181
2532,0,2532,0.9092173768188556
2533,0,2533,1.0111189526123374
2534,0,2534,1.1560434027477737
2535,0,2535,0.9524479324810131
2536,0,2536,1.0812181540976409
2537,0,2537,1.181018286884871
2538,0,2538,1.076484617322329
2539,0,2539,1.1549241740861187
2540,0,2540,1.2958162794967127
2541,0,2541,1.2843423312431086
2542,0,2542,1.1506485562887068
2543,0,2543,1.2838985677997898
2544,0,2544,1.3987201114261176
2545,0,2545,1.1725016359664437
2546,0,2546,1.3874443059807247
2547,0,2547,1.565003894357099
2548,0,2548,1.383167460421256
2549,0,2549,1.2931660873718442
2550,0,2550,1.6208651448932814
2551,0,2551,1.6170163511754287
2552,0,2552,1.6387459202744292
2553,0,2553,1.6155936182915538
2554,0,2554,1.5425292589910808
2555,0,2555,1.4425286057685007
2556,0,2556,1.666211779746113
2557,0,2557,1.8209920109806261
2558,0,2558,1.9860672379159907
2559,0,2559,1.7683969158426238
2560,0,2560,1.6429769328199926
2561,0,2561,1.937522363967856
2562,0,2562,1.9943514408648442
2563,0,2563,2.1863965295641954
2564,0,2564,2.190137267329511
2565,0,2565,2.3962239577146556
2566,0,2566,1.9467917478157462
2567,0,2567,1.762033203055435
2568,0,2568,1.9910778178744561
2569,0,2569,2.018741910225952
2570,0,2570,2.234991770488769
2571,0,2571,2.145787865998097
2572,0,2572,1.9911224971823416
2573,0,2573,2.127251781499182
2574,0,2574,2.338352821104704
2575,0,2575,2.477096373886237
2576,0,2576,2.3873874535789237
2577,0,2577,2.1934634995000524
2578,0,2578,1.9629326884930935
2579,0,2579,1.889734954573927
2580,0,2580,2.3074512522237183
2581,0,2581,2.038310323859055
2582,0,2582,2.405330102062587
2583,0,2583,2.4887538584189093
2584,0,2584,2.3854585598117195
2585,0,2585,2.235424954866333
2586,0,2586,2.6058021391689006
2587,0,2587,2.2364360541326227
2588,0,2588,2.786349832871794
2589,0,2589,1.8289902028982485
2590,0,2590,2.25173824671388
2591,0,2591,1.9455058038044777
2592,0,2592,2.2068184997531124
2593,0,2593,2.0680445696421947
2594,0,2594,2.593491487353384
2595,0,2595,2.1962776650765257
2596,0,2596,1.9471850229298582
2597,0,2597,2.6444958781854755
2598,0,2598,2.223122951580358
2599,0,2599,2.086272314051319
2600,0,2600,2.2285923813391846
2601,0,2601,1.9810680374666416
2602,0,2602,2.4384955586193575
2603,0,2603,2.2634227505958804
2604,0,2604,2.415007603273243
2605,0,2605,2.1630223088893707
2606,0,2606,2.2672140734259045
2607,0,2607,1.9157960989728293
2608,0,2608,2.1956325956004226
2609,0,2609,2.283073614138637
2610,0,2610,2.0997900309609348
2611,0,2611,2.0894425099783436
2612,0,2612,2.4517258589649327
2613,0,2613,1.8187531964193535
2614,0,2614,1.987476543746544
2615,0,2615,1.803688087356138
2616,0,2616,2.1974859316037425
2617,0,2617,1.755220630020645
2618,0,2618,1.9248514559473748
2619,0,2619,1.887770037620112
2620,0,2620,1.4475423332091397
2621,0,2621,1.6847508869332803
2622,0,2622,1.622446374628887
2623,0,2623,1.6462947331525692
2624,0,2624,1.4636820226249794
2625,0,2625,1.9547944222205182
2626,0,2626,1.5838247158716052
2627,0,2627,1.807296625182212
2628,0,2628,1.6164889341383557
2629,0,2629,1.304473843305269
2630,0,2630,1.4870150350250684
2631,0,2631,1.3255138934409754
2632,0,2632,1.1185005754009119
2633,0,2633,1.2133248930607936
2634,0,2634,1.4112503660612363
2635,0,2635,1.1947353973390384
2636,0,2636,1.0048201467973505
2637,0,2637,1.4029382309865475
2638,0,2638,1.0866285727027594
2639,0,2639,1.4718060861873627
2640,0,2640,1.133813941156406
2641,0,2641,1.1844435390608754
2642,0,2642,1.143359797907486
2643,0,2643,0.8929505936748104
2644,0,2644,1.0345639087045848
2645,0,2645,1.1557680236808012
2646,0,2646,1.2734985553558895
2647,0,2647,1.1244342109422731
2648,0,2648,0.9854543937192319
2649,0,2649,1.195124197972087
2650,0,2650,0.9818497725442541
2651,0,2651,0.990107544666564
2652,0,2652,1.0840292896000434
2653,0,2653,1.0591497818259175
2654,0,2654,0.8999561310350618
2655,0,2655,1.0913688777777293
2656,0,2656,1.01984749804934
2657,0,2657,0.9305724437563723
2658,0,2658,0.891268072872348
2659,0,2659,0.8896867629966208
2660,0,2660,0.760594299630953
2661,0,2661,0.8485683598488288
2662,0,2662,0.8876863315339162
2663,0,2663,1.0404198550180248
2664,0,2664,0.7878302808799236
2665,0,2665,0.957768899632478
2666,0,2666,0.8679772787894111
2667,0,2667,0.9200230859472034
2668,0,2668,0.7859053440544468
2669,0,2669,1.0294313910290023
2670,0,2670,0.994237740340633
2671,0,2671,1.079129402367655
2672,0,2672,1.0723151267319813
2673,0,2673,1.0490038440560114
2674,0,2674,1.0081334178887544
2675,0,2675,1.1121888241597988
2676,0,2676,1.121786287552273
2677,0,2677,1.152766252219559
2678,0,2678,1.0853661265394865
2679,0,2679,1.1029292564258268
2680,0,2680,1.2482263269623453
2681,0,2681,1.2212519599641816
2682,0,2682,1.0696333566456235
2683,0,2683,1.4068323270496474
2684,0,2684,1.5497204195105363
2685,0,2685,1.3830257945488107
2686,0,2686,1.2878789510521962
2687,0,2687,1.4832178128875626
2688,0,2688,1.3346743446920906
2689,0,2689,1.0568639648101363
2690,0,2690,1.2232240216648782
2691,0,2691,1.3567646637794486
2692,0,2692,1.602298889280498
2693,0,2693,1.4285016678394136
2694,0,2694,1.446108768519039
2695,0,2695,1.2856123912872004
2696,0,2696,1.5428068035008717
2697,0,2697,1.4125769233342897
2698,0,2698,1.765531054721211
2699,0,2699,1.5722583362167752
2700,0,2700,1.5152566030136974
2701,0,2701,1.6419676614793939
2702,0,2702,1.7705438941105054
2703,0,2703,1.8806606885987036
2704,0,2704,1.9219881403127472
2705,0,2705,2.019953154970701
2706,0,2706,1.6045324662826108
2707,0,2707,1.8095855017941298
2708,0,2708,1.9092250956446368
2709,0,2709,1.8876483256839154
2710,0,2710,1.954865596356041
2711,0,2711,1.8295247868379751
2712,0,2712,1.9381458512119643
2713,0,2713,2.0962516363645296
2714,0,2714,2.337004513547932
2715,0,2715,2.154402134832649
2716,0,2716,1.7031447675878784
2717,0,2717,2.354086904365889
2718,0,2718,2.6711738240011935
2719,0,2719,2.184126893372348
2720,0,2720,2.1596903032496497
2721,0,2721,2.212335341350637
2722,0,2722,1.985177362359906
2723,0,2723,2.37320565113374
2724,0,2724,2.072948598100115
2725,0,2725,2.087162112137098
2726,0,2726,2.0696988836575874
2727,0,2727,2.021718951384514
2728,0,2728,1.9255678535359675
2729,0,2729,2.0455766696326934
2730,0,2730,2.3380761538980295
2731,0,2731,2.192335640114851
2732,0,2732,2.5741816973758356
2733,0,2733,2.381702917136881
2734,0,2734,2.704483817473216
2735,0,2735,2.9394942395604655
2736,0,2736,2.63892950335163
2737,0,2737,2.8767929634588043
2738,0,2738,2.440498330075852
2739,0,2739,2.2266266630433957
2740,0,2740,2.922437874027329
2741,0,2741,2.311392695061631
2742,0,2742,2.5242697523672573
2743,0,2743,2.781172013924241
2744,0,2744,2.4687340150067776
2745,0,2745,2.3613280867751336
2746,0,2746,2.289588034804246
2747,0,2747,2.757014806107099
2748,0,2748,2.6748796165583406
2749,0,2749,2.49564125414306
2750,0,2750,2.3141624337174393
2751,0,2751,2.1637348279015978
2752,0,2752,2.5077588566057027
2753,0,2753,2.009377259423795
2754,0,2754,2.3416121616597585
2755,0,2755,2.392534954541579
2756,0,2756,2.2629964582851696
2757,0,2757,2.1885859709477753
2758,0,2758,2.35761103743829
2759,0,2759,2.111895288399049
2760,0,2760,2.3790027742276423
2761,0,2761,1.8680878904095601
2762,0,2762,2.306424923416928
2763,0,2763,1.6737951323681368
2764,0,2764,1.9466589343623912
2765,0,2765,1.9267862841774712
2766,0,2766,1.7163123764043902
2767,0,2767,1.7075473925239544
2768,0,2768,2.011668257544884
2769,0,2769,2.2784632249014805
2770,0,2770,1.9710934319239997
2771,0,2771,1.807609089828587
2772,0,2772,1.7558166278724117
2773,0,2773,1.2542697671201342
2774,0,2774,1.7361266696672273
2775,0,2775,1.8866501312855994
2776,0,2776,1.6354256173672101
2777,0,2777,1.6885634112059813
2778,0,2778,1.8411664532028242
2779,0,2779,1.830629112932604
2780,0,2780,1.7489235503607714
2781,0,2781,1.6901891941423215
2782,0,2782,1.4021371544341197
2783,0,2783,1.5328593521356975
2784,0,2784,1.6656545910588576
2785,0,2785,1.610505890346038
2786,0,2786,1.4295162210820467
2787,0,2787,1.5449094808641926
2788,0,2788,1.4197571914217464
2789,0,2789,1.3747366033635178
2790,0,2790,1.432354754286836
2791,0,2791,1.3179741528634878
2792,0,2792,1.268532820688557
2793,0,2793,1.3832176099711595
2794,0,2794,1.2554345182500173
2795,0,2795,1.1524473463263936
2796,0,2796,1.3030489498241538
2797,0,2797,1.2680503757732648
2798,0,2798,1.2648947054892723
2799,0,2799,1.2749375101668272
2800,0,2800,1.1545287673211257
2801,0,2801,1.3314082110900163
2802,0,2802,1.1422641689758442
2803,0,2803,1.1180384138172192
2804,0,2804,1.0319800979254197
2805,0,2805,1.3273829585727663
2806,0,2806,1.2864603527906995
2807,0,2807,1.084509723109922
2808,0,2808,1.0349500263062457
2809,0,2809,1.1502275427308266
2810,0,2810,1.2011302736814324
2811,0,2811,0.9558924642790302
2812,0,2812,1.0555699552590918
2813,0,2813,1.0985244820182547
2814,0,2814,1.0599847690515072
2815,0,2815,1.1627807066019151
2816,0,2816,1.1528719517860144
2817,0,2817,1.0167646774800385
2818,0,2818,1.1332009137125707
2819,0,2819,1.0957731927087655
2820,0,2820,1.1256634784646304
2821,0,2821,1.1074395273545927
2822,0,2822,0.9978006773814407
2823,0,2823,1.0912263229944188
2824,0,2824,1.3289774243363615
2825,0,2825,1.0918615743990243
2826,0,2826,0.9572276708335808
2827,0,2827,1.340855463555391
2828,0,2828,1.2914576056910987
2829,0,2829,1.3312998050849862
2830,0,2830,1.3413873243341603
2831,0,2831,1.4932873670861735
2832,0,2832,1.3528743867286008
2833,0,2833,1.376270330647248
2834,0,2834,1.2703721724143786
2835,0,2835,1.5202832594508437
2836,0,2836,1.5440566108117153
2837,0,2837,1.5275215421202974
2838,0,2838,1.4210812865370235
2839,0,2839,1.5189712722564883
2840,0,2840,1.386966919297086
2841,0,2841,1.808334081274851
2842,0,2842,1.827445872646552
2843,0,2843,1.4383446289100803
2844,0,2844,1.5507838864693373
2845,0,2845,1.7083909345792634
2846,0,2846,1.7757242120078485
2847,0,2847,1.650176228662476
2848,0,2848,1.6553355407044381
2849,0,2849,1.9045463173490005
2850,0,2850,1.7741453130580291
2851,0,2851,2.053115702686682
2852,0,2852,2.212552523790268
2853,0,2853,1.8251337214575711
2854,0,2854,2.17211624166008
2855,0,2855,2.2108851028555208
2856,0,2856,1.9441044265793672
2857,0,2857,1.880119282858837
2858,0,2858,1.9738731370619185
2859,0,2859,2.182040578071585
2860,0,2860,2.3543934005412543
2861,0,2861,2.2257686573228943
2862,0,2862,2.4335545821028584
2863,0,2863,2.374372492158754
2864,0,2864,1.9326280095819748
2865,0,2865,2.3327989820696096
2866,0,2866,2.2106853240013975
2867,0,2867,2.4557116256746783
2868,0,2868,2.587230488874504
2869,0,2869,1.964983867823437
2870,0,2870,2.2706368002642723
2871,0,2871,2.649988993929434
2872,0,2872,2.687931108629215
2873,0,2873,1.961699331594061
2874,0,2874,2.621380826026997
2875,0,2875,2.6436518390013775
2876,0,2876,3.038538719701047
2877,0,2877,2.485448378010226
2878,0,2878,2.7446340079236022
2879,0,2879,2.406479732727351
2880,0,2880,2.5029793102202187
2881,0,2881,2.578542036200097
2882,0,2882,2.4001189263079232
2883,0,2883,2.552115206466104
2884,0,2884,2.3826921145227056
2885,0,2885,2.747244903185063
2886,0,2886,2.8227689965972487
2887,0,2887,2.6640698984491045
2888,0,2888,3.0280978336489937
2889,0,2889,2.442861800928772
2890,0,2890,2.9779966918530656
2891,0,2891,2.9408993515089
2892,0,2892,2.7016480010839796
2893,0,2893,2.179434579741273
2894,0,2894,2.546169442214985
2895,0,2895,2.5001870783174844
2896,0,2896,2.0144284810645727
2897,0,2897,2.5288718584601564
2898,0,2898,2.520290654847306
2899,0,2899,2.906358434337358
2900,0,2900,2.3802068667346536
2901,0,2901,2.0327511928904425
2902,0,2902,2.325576749365717
2903,0,2903,2.9297142622212182
2904,0,2904,2.1329656154655354
2905,0,2905,2.315417390597925
2906,0,2906,2.68963504390755
2907,0,2907,2.241756296239166
2908,0,2908,2.6400339706486955
2909,0,2909,2.3084875654134502
2910,0,2910,2.4903339396158066
2911,0,2911,2.595528326149062
2912,0,2912,2.1978441784073572
2913,0,2913,2.5517164734190976
2914,0,2914,2.4244555566766857
2915,0,2915,2.394917870937722
2916,0,2916,2.009736482496756
2917,0,2917,1.9623955008750358
2918,0,2918,2.4513779312844903
2919,0,2919,2.2948441834567133
2920,0,2920,2.1078294732194225
2921,0,2921,1.8953081869087
2922,0,2922,2.2698371641721082
2923,0,2923,2.031705053386295
2924,0,2924,1.8725932375610845
2925,0,2925,2.175636086286815
2926,0,2926,1.6316418269787194
2927,0,2927,1.917789741023869
2928,0,2928,1.7706520044733784
2929,0,2929,1.6998173143510362
2930,0,2930,2.016032961535743
2931,0,2931,1.365410195937408
2932,0,2932,1.7759228921707464
2933,0,2933,1.3949184497003149
2934,0,2934,1.856036946448675
2935,0,2935,1.7130189040063204
2936,0,2936,1.9234839886619126
2937,0,2937,1.5862023718374962
2938,0,2938,1.5674469231208155
2939,0,2939,1.6713927769541153
2940,0,2940,1.307380408300383
2941,0,2941,1.4217626501925866
2942,0,2942,1.7093742241529493
2943,0,2943,1.750970451385448
2944,0,2944,1.3559112020663013
2945,0,2945,1.3255946830036232
2946,0,2946,1.391293079802709
2947,0,2947,1.1450601169597872
2948,0,2948,1.4305248283121554
2949,0,2949,1.2635642935966174
2950,0,2950,1.2160999140828972
2951,0,2951,1.376719841205202
2952,0,2952,1.4749673186957153
2953,0,2953,1.4020128350556187
2954,0,2954,1.351453058859819
2955,0,2955,1.235149208223838
2956,0,2956,1.3104360374894801
2957,0,2957,1.1245963775150283
2958,0,2958,1.2220074899295752
2959,0,2959,1.357039848247135
2960,0,2960,1.2852319883308891
2961,0,2961,1.1467171805555816
2962,0,2962,1.4675734101247166
2963,0,2963,1.1352486751552122
2964,0,2964,1.126553699810944
2965,0,2965,1.2986524003594133
2966,0,2966,1.2419807093459803
2967,0,2967,1.317436651904574
2968,0,2968,1.2750525529823922
2969,0,2969,1.439549209783891
2970,0,2970,1.2702401278870499
2971,0,2971,1.3535014731800605
2972,0,2972,1.1536971835023995
2973,0,2973,1.4573724345129557
2974,0,2974,1.434021122508798
2975,0,2975,1.4352086498881858
2976,0,2976,1.3080219085873501
2977,0,2977,1.3498510106699129
2978,0,2978,1.5746476821167028
2979,0,2979,1.4223012757358346
2980,0,2980,1.6712352529278072
2981,0,2981,1.4127148884361878
2982,0,2982,1.338763808245408
2983,0,2983,1.479063227466342
2984,0,2984,1.460647845884701
2985,0,2985,1.8389285158876814
2986,0,2986,1.6535305509842952
2987,0,2987,1.6374133665281279
2988,0,2988,1.6539372104278882
2989,0,2989,1.7020206114360863
2990,0,2990,1.6740030340147531
2991,0,2991,1.8118024879752224
2992,0,2992,2.0595768152155873
2993,0,2993,1.8502641215551328
2994,0,2994,1.975419506508402
2995,0,2995,1.8762349426193847
2996,0,2996,1.808626561160921
2997,0,2997,1.991886294309645
2998,0,2998,1.8676051442070312
2999,0,2999,2.0295370796606793
